{"_sessions":{"BSMolWdvEPLc6QlK/xEGgJNWZcdKSQArWL+EMo1QPlhi":{"registrationId":159,"currentRatchet":{"ephemeralKeyPair":{"pubKey":"BbFKgDP9FKS0PslMaaP4OFzwJrGOzLh19I0X0VE4QfMP","privKey":"0LgXpl9tyIayM/Hmi38l2Jvn8axja2lD8wnOYM0a6Xk="},"lastRemoteEphemeralKey":"Bew0TgBtxEHgFC9udaLU/CA3ZUA5IYTifyhafZu+qGxK","previousCounter":0,"rootKey":"Ge+AIrUn3rXKEwG1V58gjVocgI+PcPk2ZNdMoVbvBqo="},"indexInfo":{"baseKey":"BSMolWdvEPLc6QlK/xEGgJNWZcdKSQArWL+EMo1QPlhi","baseKeyType":1,"closed":-1,"used":1717967332602,"created":1717967332602,"remoteIdentityKey":"Bc2vVATrBGr2qa/HxK4p4S6o5/8VA0FKtVPqaI3UWSU2"},"_chains":{"BbFKgDP9FKS0PslMaaP4OFzwJrGOzLh19I0X0VE4QfMP":{"chainKey":{"counter":0,"key":"nAZYhJmibCLm6OHugCLFjEdCgcmgrXIauhraZ8KE1as="},"chainType":1,"messageKeys":{}}},"pendingPreKey":{"signedKeyId":1,"baseKey":"BSMolWdvEPLc6QlK/xEGgJNWZcdKSQArWL+EMo1QPlhi"}}},"version":"v1"}