{"_sessions":{"BTeZmLzvZulziIWT5ocpueIW0WnWOlz2IPsDXeL3JysW":{"registrationId":866348520,"currentRatchet":{"ephemeralKeyPair":{"pubKey":"BQ0Vx6suhKo8o2omhwq55ltsHCheIHrbSPktryKgUDl/","privKey":"IB/aSxmOcxc5gWxIPBBWyZLzGpJbF13r6DlfVTQQYXs="},"lastRemoteEphemeralKey":"BXwBVZ7X0ls9v6yBlXB776LvwnILx67tnYXvoYRHbkJx","previousCounter":0,"rootKey":"2677gEwkdW/+7Sv/SZKKqx/D9pNn5npD8wnfNoSQwMM="},"indexInfo":{"baseKey":"BTeZmLzvZulziIWT5ocpueIW0WnWOlz2IPsDXeL3JysW","baseKeyType":1,"closed":-1,"used":1717967332671,"created":1717967332671,"remoteIdentityKey":"Bf6nc4i3krlQdlTHtEhzvSjc3lJBl+VCWMWjexpVLi0h"},"_chains":{"BQ0Vx6suhKo8o2omhwq55ltsHCheIHrbSPktryKgUDl/":{"chainKey":{"counter":0,"key":"P1dXxjIcVojTe50PM2uBwUHUc9OfmQC+L77sSd+7zcY="},"chainType":1,"messageKeys":{}}},"pendingPreKey":{"signedKeyId":12,"baseKey":"BTeZmLzvZulziIWT5ocpueIW0WnWOlz2IPsDXeL3JysW","preKeyId":7293643}}},"version":"v1"}