{"_sessions":{"BRdw1JEdEX/JdQCfFEMcl5x0sZjkSENEa22d5sZ/e88S":{"registrationId":77,"currentRatchet":{"ephemeralKeyPair":{"pubKey":"BR47SX76LrBVy0vQlB3w3gYE/9XdHc4IAAHl80p9Oz1s","privKey":"MEhb+Y41zmbdvy2IjZ7quk1m4s7recrilkfPnSdBHXY="},"lastRemoteEphemeralKey":"BZ3sCDhCuHpuySvfkrmD814PlrcDG4NrbNYfRwjoVYt+","previousCounter":0,"rootKey":"S4MNQlbWpjNA9NgJKjqk5GpuJJKeXiw5QCiqgJdSb3Y="},"indexInfo":{"baseKey":"BRdw1JEdEX/JdQCfFEMcl5x0sZjkSENEa22d5sZ/e88S","baseKeyType":1,"closed":-1,"used":1717967332559,"created":1717967332559,"remoteIdentityKey":"BVNkh4z6651I5Ss7Wr/Mz+oh83PYOMeUuvno4WDkd+IO"},"_chains":{"BR47SX76LrBVy0vQlB3w3gYE/9XdHc4IAAHl80p9Oz1s":{"chainKey":{"counter":0,"key":"32UsgpA9VZD1XW0fIrst6ol93YekdTGBctAZUwTEkrI="},"chainType":1,"messageKeys":{}}},"pendingPreKey":{"signedKeyId":1,"baseKey":"BRdw1JEdEX/JdQCfFEMcl5x0sZjkSENEa22d5sZ/e88S"}}},"version":"v1"}