{"_sessions":{"BZQD0Xckscla3NRxgl7RWAVk4L7/HhEZk0blx0F4jtIF":{"registrationId":2021050204,"currentRatchet":{"ephemeralKeyPair":{"pubKey":"BUjUTxPixl29+inqG54YjLPLD6e5fEBXXfQtEgAJRikq","privKey":"MHtSV2N53WLfrz64kL5NGwnlUZ/O7jlZ0Ugc+XlF+EY="},"lastRemoteEphemeralKey":"BT4NTusYOd29yCFzJxpvhfrwa7gxOsvHJnXQQi39yQkG","previousCounter":0,"rootKey":"mjCshXFl+Bad3Ipw7AqtRWMCf7xGMotO96tOngPYvtI="},"indexInfo":{"baseKey":"BZQD0Xckscla3NRxgl7RWAVk4L7/HhEZk0blx0F4jtIF","baseKeyType":1,"closed":-1,"used":1717967332731,"created":1717967332731,"remoteIdentityKey":"BakbZATg6Row/qb6qM8dnGjmNvxXuOCFmgP+2wxb8q46"},"_chains":{"BUjUTxPixl29+inqG54YjLPLD6e5fEBXXfQtEgAJRikq":{"chainKey":{"counter":0,"key":"+GXBmsMJGJEAus4bDq7B4EjWz4j4sXAnzip5igZiXRQ="},"chainType":1,"messageKeys":{}}},"pendingPreKey":{"signedKeyId":1,"baseKey":"BZQD0Xckscla3NRxgl7RWAVk4L7/HhEZk0blx0F4jtIF","preKeyId":13144205}}},"version":"v1"}