{"_sessions":{"BYsnER5Q2mzVG9SuJ+PMX/mAPlf3SwJKE1kdjbffXdZH":{"registrationId":74,"currentRatchet":{"ephemeralKeyPair":{"pubKey":"BWoFl0PQmK8ZdmoSHLvYsfnBs8aKM6l57LrPCd2xe/VB","privKey":"oBVsuQZKZu2/XFNHazN54q/2Wo7HRgET37WZAqLmoG4="},"lastRemoteEphemeralKey":"BZknsxYZVjwqfXi8A0DVI4xWeximf/Z8hk+lFw+tfnMO","previousCounter":0,"rootKey":"Yg0DoixLSJl24HOZKYPUH4HMcJbmwBknztZRCZKXAQ0="},"indexInfo":{"baseKey":"BYsnER5Q2mzVG9SuJ+PMX/mAPlf3SwJKE1kdjbffXdZH","baseKeyType":1,"closed":-1,"used":1717967332600,"created":1717967332600,"remoteIdentityKey":"BRXVePzLDkzlJfnXtbZmAbC9XubIHUd0psuXyQ6gvbZ8"},"_chains":{"BWoFl0PQmK8ZdmoSHLvYsfnBs8aKM6l57LrPCd2xe/VB":{"chainKey":{"counter":0,"key":"TbNY+PAG8Stcq8342Bq67AxysssNdb16a6CAHMx/jng="},"chainType":1,"messageKeys":{}}},"pendingPreKey":{"signedKeyId":1,"baseKey":"BYsnER5Q2mzVG9SuJ+PMX/mAPlf3SwJKE1kdjbffXdZH"}}},"version":"v1"}