{"_sessions":{"BTAUfD27cIZ7z11g3Mjj7/cKOHosk/PDxU3q0c7qPncf":{"registrationId":1354144220,"currentRatchet":{"ephemeralKeyPair":{"pubKey":"BUgOdIoLB1o88pSL2fo9ssHDAPPMeFTWiYiR4J2MWBhc","privKey":"uE3wS8bm+Zy0s0QRIadtrEIjn+ZTIkPawONgamR2t20="},"lastRemoteEphemeralKey":"BZNEDqCECApjJK1CDOB2cjjc9umiELL4xdd+jSuHbFNx","previousCounter":0,"rootKey":"BbrCRjoBZtjc5rQYyJw9pII8cJd/kpGsl4Yq9A+dc7w="},"indexInfo":{"baseKey":"BTAUfD27cIZ7z11g3Mjj7/cKOHosk/PDxU3q0c7qPncf","baseKeyType":1,"closed":-1,"used":1717967332656,"created":1717967332656,"remoteIdentityKey":"BbxC8c31/mB84Qu4jerVOoL2c11JOeo0I8MO6np3uDFi"},"_chains":{"BUgOdIoLB1o88pSL2fo9ssHDAPPMeFTWiYiR4J2MWBhc":{"chainKey":{"counter":0,"key":"HxQ4O1ZWwf8y9o83Ti7TGHyIoQVhk8f3cHBoCjzqVEk="},"chainType":1,"messageKeys":{}}},"pendingPreKey":{"signedKeyId":10,"baseKey":"BTAUfD27cIZ7z11g3Mjj7/cKOHosk/PDxU3q0c7qPncf","preKeyId":7404426}}},"version":"v1"}