{"_sessions":{"BbrVfI1O46SydfLc7T6osOIEcgX9qoDZV1m5wIgRI10v":{"registrationId":129438210,"currentRatchet":{"ephemeralKeyPair":{"pubKey":"BXT7ZX9/Tmh+gW6VuNMy1ElQPGjnfMLyyiy9ghLHD+s9","privKey":"ACOK2gI1bvl433wXp97NiZicBlAfcov3djiXGOHWElM="},"lastRemoteEphemeralKey":"BdXLUxIod1bPXM78GPbcg0tO9bWgwO0Et/AY616WaJYh","previousCounter":0,"rootKey":"MN7wIop2iSuTNRXCRTRDHAIqnsCHj6/5wwK80EMPP24="},"indexInfo":{"baseKey":"BbrVfI1O46SydfLc7T6osOIEcgX9qoDZV1m5wIgRI10v","baseKeyType":1,"closed":-1,"used":1717967332700,"created":1717967332700,"remoteIdentityKey":"BUyPqeG++A/eTVYPZQlRfv9e9Nvecpc3fLI9bjCphyVI"},"_chains":{"BXT7ZX9/Tmh+gW6VuNMy1ElQPGjnfMLyyiy9ghLHD+s9":{"chainKey":{"counter":0,"key":"V9AXXL6+JLLSkJ3Q9MvspwGEwo7djp5Ye+2iuUoGd+M="},"chainType":1,"messageKeys":{}}},"pendingPreKey":{"signedKeyId":10,"baseKey":"BbrVfI1O46SydfLc7T6osOIEcgX9qoDZV1m5wIgRI10v","preKeyId":1961458}}},"version":"v1"}