{"_sessions":{"BYGQ/N2y2uQnJP1PPsq6ZYW74KSyW8JJgNgaXdP0RRFG":{"registrationId":42623494,"currentRatchet":{"ephemeralKeyPair":{"pubKey":"BbLvIMJMX+rzRakZbU2JSoCEmvKXvLfx+5PDs6x3CrQf","privKey":"4MSAoBs4wgjWPsGGb4DKQqwls3tj0yeAFZiaojB/N0Q="},"lastRemoteEphemeralKey":"Bd0KzowK2winFG/RGb31PRgfVPeKaj2I+wnl2i5/OAlI","previousCounter":0,"rootKey":"TUfSUv8LDjsXifBbEjqHhGDUu3csRWarspw4owfoXVw="},"indexInfo":{"baseKey":"BYGQ/N2y2uQnJP1PPsq6ZYW74KSyW8JJgNgaXdP0RRFG","baseKeyType":1,"closed":-1,"used":1717967332628,"created":1717967332628,"remoteIdentityKey":"Bao30yPHenNvUYOjFCqnqWhRgLSk/0bqMx6SjWc9UOh4"},"_chains":{"BbLvIMJMX+rzRakZbU2JSoCEmvKXvLfx+5PDs6x3CrQf":{"chainKey":{"counter":0,"key":"9GjTeFR6klwOnG1n7FGtpkOY9RrcEauz77Y+vgIDrNQ="},"chainType":1,"messageKeys":{}}},"pendingPreKey":{"signedKeyId":3,"baseKey":"BYGQ/N2y2uQnJP1PPsq6ZYW74KSyW8JJgNgaXdP0RRFG","preKeyId":11547341}}},"version":"v1"}