{"_sessions":{"BaoUHCC/5Dm4SlU1Kj0eKpS0sOC7UhUbW4oKv17DriN5":{"registrationId":1011834947,"currentRatchet":{"ephemeralKeyPair":{"pubKey":"BW1EvaCQG6L4fpHydsBsq1M0wMzVGUQvxUUw8RxDWeY/","privKey":"oA0lYh2eneuWCOBeGOoes7WZykF7dVgQJHhOQJ1ObXU="},"lastRemoteEphemeralKey":"BW7Sk+W/ZHyC4hqyRkNBom3RzyIBEFkLHLu0jdj5MHwn","previousCounter":0,"rootKey":"006/HWlYTjD/MzFq5Qy0bW6VClA0VU10z99Iane/GsY="},"indexInfo":{"baseKey":"BaoUHCC/5Dm4SlU1Kj0eKpS0sOC7UhUbW4oKv17DriN5","baseKeyType":1,"closed":-1,"used":1717967332594,"created":1717967332594,"remoteIdentityKey":"BUIraWpjIxjLImUFgTWzMJ1TzOpscr1Tbxfvd+M4Xt87"},"_chains":{"BW1EvaCQG6L4fpHydsBsq1M0wMzVGUQvxUUw8RxDWeY/":{"chainKey":{"counter":0,"key":"jW3C7eezE5bIYLj52uKD2qfhDEZX0AP58tI6iePhRxs="},"chainType":1,"messageKeys":{}}},"pendingPreKey":{"signedKeyId":1,"baseKey":"BaoUHCC/5Dm4SlU1Kj0eKpS0sOC7UhUbW4oKv17DriN5","preKeyId":2646840}}},"version":"v1"}