{"_sessions":{"BU+m3iIx7yxVVrRlBpTncapVV2006AQpqvwq5RCJh01K":{"registrationId":65,"currentRatchet":{"ephemeralKeyPair":{"pubKey":"BZuAPHXyFlGNgRl3CsdbHzSKgV2D7+6RD60ncdeb3vgc","privKey":"4Fq0EZdbq9+F15gXrzSwD4Gr8laOFsby8jMy6RAj+XE="},"lastRemoteEphemeralKey":"BcIkdQ1i7Nc4BvXQ5RjTXOacbLJPhDbM+svTFecVGPp3","previousCounter":0,"rootKey":"WSubG6xJYimCikDm82DtVnU29OeDc+yTzS6DpZlSzqc="},"indexInfo":{"baseKey":"BU+m3iIx7yxVVrRlBpTncapVV2006AQpqvwq5RCJh01K","baseKeyType":1,"closed":-1,"used":1717967332606,"created":1717967332606,"remoteIdentityKey":"BcxpOhva8xxoqf4GT4++q4QWzAoiu4V4gsPAuEvu8EJb"},"_chains":{"BZuAPHXyFlGNgRl3CsdbHzSKgV2D7+6RD60ncdeb3vgc":{"chainKey":{"counter":0,"key":"vs1sIpBk85fvWaTKYWZT8jgFaEU7jBKP90TAHUxZzAM="},"chainType":1,"messageKeys":{}}},"pendingPreKey":{"signedKeyId":1,"baseKey":"BU+m3iIx7yxVVrRlBpTncapVV2006AQpqvwq5RCJh01K","preKeyId":16}}},"version":"v1"}