{"_sessions":{"BdeD19imK2NjdDj+Y5s0Vk7rt10EfslKCYn446q+EI9e":{"registrationId":34,"currentRatchet":{"ephemeralKeyPair":{"pubKey":"BQ6x7xQf56cc37WSLC81ZdEMqVi6ZiK3IjCsGu2A5XxI","privKey":"sLrK1SEWm1vgQm68XCF3wrlznK/ufaz2gADrjcGTW0o="},"lastRemoteEphemeralKey":"BWiW0h51gewAziH3610+YyfkLEcAzrXXT1ZgoMz4EgB6","previousCounter":0,"rootKey":"9CdbHQhog/q0BTh2DA7kAW5dGlHjcI8AkASWJNHvOzI="},"indexInfo":{"baseKey":"BdeD19imK2NjdDj+Y5s0Vk7rt10EfslKCYn446q+EI9e","baseKeyType":1,"closed":-1,"used":1717574659417,"created":1717574659417,"remoteIdentityKey":"BQAix2plZACLnUrlYaGe+AXpEPxIKVBlLF55GDwDnOxD"},"_chains":{"BQ6x7xQf56cc37WSLC81ZdEMqVi6ZiK3IjCsGu2A5XxI":{"chainKey":{"counter":1103,"key":"vkg9aZpqAEEyUXFDhgcD99R8u6/FHDb0vWgpVKqj704="},"chainType":1,"messageKeys":{}}},"pendingPreKey":{"signedKeyId":1,"baseKey":"BdeD19imK2NjdDj+Y5s0Vk7rt10EfslKCYn446q+EI9e","preKeyId":5}}},"version":"v1"}