{"_sessions":{"BYjLHIudUScV42VLjVrCS9uK2XTdNOsp6CHAlfgyD1EY":{"registrationId":1025852850,"currentRatchet":{"ephemeralKeyPair":{"pubKey":"BQ5drIdmHBEx+/dIOGpyXRR5fcKzymxgqIae2hSombsq","privKey":"4KCUisW3y48tuiArr2kKjbXAsx6ABt8DfAfWWZVdmkg="},"lastRemoteEphemeralKey":"BT0OzXFn4vZQ+pJQ/tv7j32pnP6i6J5f29BR6kk0FLk6","previousCounter":0,"rootKey":"AuZKJ2j5cIYL8OGV/Xg9hSfq/frGA7ZyrRszCNpAGT8="},"indexInfo":{"baseKey":"BYjLHIudUScV42VLjVrCS9uK2XTdNOsp6CHAlfgyD1EY","baseKeyType":1,"closed":-1,"used":1717967332623,"created":1717967332623,"remoteIdentityKey":"BZMZaCz4C56H5E+KnC8w8QgZEBlPy2O/EubA9BltRyIr"},"_chains":{"BQ5drIdmHBEx+/dIOGpyXRR5fcKzymxgqIae2hSombsq":{"chainKey":{"counter":0,"key":"KqfcfRERtyc3O383mbrMlWUYMatyQAWZnsaxa1cgvhw="},"chainType":1,"messageKeys":{}}},"pendingPreKey":{"signedKeyId":3,"baseKey":"BYjLHIudUScV42VLjVrCS9uK2XTdNOsp6CHAlfgyD1EY","preKeyId":13020930}}},"version":"v1"}