{"_sessions":{"BQE6fMmdet4PgOS+tIOuD39aqtzPJwGa0qqF/TdPpCgs":{"registrationId":2278,"currentRatchet":{"ephemeralKeyPair":{"pubKey":"BRm9XiDf8YBUtzpxboD18UY+hjw+YPO/HgKdT16TxR4i","privKey":"qHsRY7daXLn0STV1CDO7/8B+5kUvMAvAsQFk7pKUtXc="},"lastRemoteEphemeralKey":"BVROa8cGpI2gtW9HE7H7RXdgrG6AWdn7v5d8B3/jjk4+","previousCounter":0,"rootKey":"xDuohGY0fewED91+IPcwknJazgr9QBU98AnxRLOfdJw="},"indexInfo":{"baseKey":"BQE6fMmdet4PgOS+tIOuD39aqtzPJwGa0qqF/TdPpCgs","baseKeyType":1,"closed":-1,"used":1717967332585,"created":1717967332585,"remoteIdentityKey":"BeQR4wDn9dxkSwTHXTlaQ+nQsKlFsmFTz6s+fbeWXRJ3"},"_chains":{"BRm9XiDf8YBUtzpxboD18UY+hjw+YPO/HgKdT16TxR4i":{"chainKey":{"counter":0,"key":"VR6K3HGTJ0gLIB50daqENkbOLbUk84SSvVEsoRap+rU="},"chainType":1,"messageKeys":{}}},"pendingPreKey":{"signedKeyId":1,"baseKey":"BQE6fMmdet4PgOS+tIOuD39aqtzPJwGa0qqF/TdPpCgs","preKeyId":724}}},"version":"v1"}