{"_sessions":{"BYHvy0QuJLaTbGpT9FyXqzdLj+f5uCjAdSjqrnfGfEcq":{"registrationId":2,"currentRatchet":{"ephemeralKeyPair":{"pubKey":"BYoquOhxeHiIhyR6ZPfV8aiusDGrUeeLlRXT074UGRED","privKey":"+Hf7ycun34BxLyd/Yo2F8fir28EdLKnKipXx/fiu63k="},"lastRemoteEphemeralKey":"BX6RSIvL3DcKIlMUqgxtU1BDXJ8hAAVbdhcxz1d3FcJj","previousCounter":0,"rootKey":"SnThmvT9ScPDRiyw21gDi/pnTXDOOZVC05A6bXO5FHc="},"indexInfo":{"baseKey":"BYHvy0QuJLaTbGpT9FyXqzdLj+f5uCjAdSjqrnfGfEcq","baseKeyType":1,"closed":-1,"used":1717967332568,"created":1717967332568,"remoteIdentityKey":"BWK5lzMu6YMV7qAEtqUUt4hVnrO3HLRL7aBQI+ISSuE7"},"_chains":{"BYoquOhxeHiIhyR6ZPfV8aiusDGrUeeLlRXT074UGRED":{"chainKey":{"counter":0,"key":"/BmVObzzXoH16N4d4Y+u4GsG9PTA7UHnPa9retfPdys="},"chainType":1,"messageKeys":{}}},"pendingPreKey":{"signedKeyId":1,"baseKey":"BYHvy0QuJLaTbGpT9FyXqzdLj+f5uCjAdSjqrnfGfEcq","preKeyId":15}}},"version":"v1"}