{"_sessions":{"BV5T50QR0l5cwfuN+qJpXpKLfYqBl7FmDREYLLJsJo4V":{"registrationId":1670009558,"currentRatchet":{"ephemeralKeyPair":{"pubKey":"BRMYFIPOyNCLoYBZkVf6IKFG/0aoQ9nor8u/w5cpREoq","privKey":"COgs3m1delgup4fqE57nTRG+JEMwe6CGwlq1GaSknmE="},"lastRemoteEphemeralKey":"BeQo0Rd46VRscP5U8IaqDqjbAZJGiynMYmak84MMW2R8","previousCounter":0,"rootKey":"6YiazfFDjS1Qn2J0buFxKaZHHOGQ37u7u2YCNo3Bqz4="},"indexInfo":{"baseKey":"BV5T50QR0l5cwfuN+qJpXpKLfYqBl7FmDREYLLJsJo4V","baseKeyType":1,"closed":-1,"used":1717967332669,"created":1717967332669,"remoteIdentityKey":"BQX3xs1Eyls5eLxgFNmUOkdbVmP7Om6FZx7yoxr26WRX"},"_chains":{"BRMYFIPOyNCLoYBZkVf6IKFG/0aoQ9nor8u/w5cpREoq":{"chainKey":{"counter":0,"key":"N9jMlUaioQloaTMPGVOhPuqg1VBdW2Wm70D80g/NTpk="},"chainType":1,"messageKeys":{}}},"pendingPreKey":{"signedKeyId":3,"baseKey":"BV5T50QR0l5cwfuN+qJpXpKLfYqBl7FmDREYLLJsJo4V","preKeyId":8778783}}},"version":"v1"}