{"_sessions":{"BWxc5HMhAgmf/+AjHgaT1wjoL0xSmMBCAhTzEQt4Qm8Z":{"registrationId":662195413,"currentRatchet":{"ephemeralKeyPair":{"pubKey":"BQIqt+jwieMNrltZv1SHuIaqMhUCOXwNPA/d6IX7BVI+","privKey":"YGP9wnGsHL/Xoj8S3Fo60NtcDzvfYO9qVwkNcfWJtEE="},"lastRemoteEphemeralKey":"BbvIir0bfVgp+BJKXsXOyXENgBP1BpDUIaJ7jFXeOhxB","previousCounter":0,"rootKey":"eZHT7zn92LQfzLt6wHffxK3Xfebm7Z++manlpzibsPk="},"indexInfo":{"baseKey":"BWxc5HMhAgmf/+AjHgaT1wjoL0xSmMBCAhTzEQt4Qm8Z","baseKeyType":1,"closed":-1,"used":1717967332641,"created":1717967332641,"remoteIdentityKey":"BYs0Mzvy/zDz2MDe3zd8F7zKr8yREJtFCMoSRSFvlxML"},"_chains":{"BQIqt+jwieMNrltZv1SHuIaqMhUCOXwNPA/d6IX7BVI+":{"chainKey":{"counter":0,"key":"Ov00++CrWkAWDvuXkHwOb2W6fthfqkapk4UHXVxKAos="},"chainType":1,"messageKeys":{}}},"pendingPreKey":{"signedKeyId":3,"baseKey":"BWxc5HMhAgmf/+AjHgaT1wjoL0xSmMBCAhTzEQt4Qm8Z","preKeyId":11501567}}},"version":"v1"}