{"_sessions":{"BfjXQXdBP5CGfWhukzDuSEMUIQZ4gEeqDWqPbUY2hGVl":{"registrationId":1725469681,"currentRatchet":{"ephemeralKeyPair":{"pubKey":"BdSdXDH6D9PFQ+njj2Njykas+TDDsozDEXUWPQHO6wFb","privKey":"cI2v/eGENIWMwNCIK4nDPrgm+GrPce5qBYpRVLYHJXE="},"lastRemoteEphemeralKey":"BeOGP5/E5IbHV9JGTb78CmfA0J0OQEc1t2LTvu2IrnAC","previousCounter":0,"rootKey":"PrPiHvgDoXzM13rchAPPvJvs9FMxRy+wegw8QdRo8Nk="},"indexInfo":{"baseKey":"BfjXQXdBP5CGfWhukzDuSEMUIQZ4gEeqDWqPbUY2hGVl","baseKeyType":1,"closed":-1,"used":1717967332666,"created":1717967332666,"remoteIdentityKey":"BZ2NQzvlRPS5UXZLWz0vGmP1hPCNkHmeegkKdydVfaIs"},"_chains":{"BdSdXDH6D9PFQ+njj2Njykas+TDDsozDEXUWPQHO6wFb":{"chainKey":{"counter":0,"key":"j2pAWF7tIMuIDv6a5sInb6kT0z0PsuLp6cK47CTI3wQ="},"chainType":1,"messageKeys":{}}},"pendingPreKey":{"signedKeyId":5,"baseKey":"BfjXQXdBP5CGfWhukzDuSEMUIQZ4gEeqDWqPbUY2hGVl","preKeyId":238650}}},"version":"v1"}