{"_sessions":{"BcHSJwQqqxqCmEO4ljsOAvZkNHhdyHk+fPe9eziAKHYF":{"registrationId":1060715972,"currentRatchet":{"ephemeralKeyPair":{"pubKey":"BTj07+eOB5+btBQzhLy0TfAVpJP2n5N7FjnUc5fOOolu","privKey":"qBVXKOSnP5TyYKHu9Tp+Na7IiXi177TKG1CSnIWxrVw="},"lastRemoteEphemeralKey":"BeihgUpI4iT+F4xTlHdV+SfJiH3YWxWsDsFQIs7+AaRj","previousCounter":0,"rootKey":"JgGqDEwAKz8ik9Xf0L1+h6EHrmhB9S3PwtIXYdbRXXw="},"indexInfo":{"baseKey":"BcHSJwQqqxqCmEO4ljsOAvZkNHhdyHk+fPe9eziAKHYF","baseKeyType":1,"closed":-1,"used":1717967332664,"created":1717967332664,"remoteIdentityKey":"BQJHgrSL6I2eZoWzUrT2TI8sW6BCFUA5zo3t4jKW0CgI"},"_chains":{"BTj07+eOB5+btBQzhLy0TfAVpJP2n5N7FjnUc5fOOolu":{"chainKey":{"counter":0,"key":"PtaROIajPmwv6jyUSVVBWGkiK+8EXjuEomntyO6rekE="},"chainType":1,"messageKeys":{}}},"pendingPreKey":{"signedKeyId":10,"baseKey":"BcHSJwQqqxqCmEO4ljsOAvZkNHhdyHk+fPe9eziAKHYF","preKeyId":12324640}}},"version":"v1"}