{"_sessions":{"BaVeHgvLYMlNlBKgcUqRNrlt8q53+IMNtgeDEVlwDAAx":{"registrationId":179,"currentRatchet":{"ephemeralKeyPair":{"pubKey":"BQBSrEU5Nw8z1FwhHdSMDoQfCEY0GZRRmuaocR4w3ogC","privKey":"uKAMNTjDamfJfQLocABEHv8BAkqLd7jwhf19ORP9sH4="},"lastRemoteEphemeralKey":"BSJ38QkCBjUWMq9fUb6ogBWdteebkyfQcFpYZQ0ruFx9","previousCounter":0,"rootKey":"oEZKyiLHVm6WjqvcMq5pYZHYj1yBt0kxYEh1wFCZugQ="},"indexInfo":{"baseKey":"BaVeHgvLYMlNlBKgcUqRNrlt8q53+IMNtgeDEVlwDAAx","baseKeyType":1,"closed":-1,"used":1717967332570,"created":1717967332570,"remoteIdentityKey":"BXIawaUo64nYaofJB6qdowVncsebo5C7L2R1S0CK17M1"},"_chains":{"BQBSrEU5Nw8z1FwhHdSMDoQfCEY0GZRRmuaocR4w3ogC":{"chainKey":{"counter":0,"key":"8PeyqTFGDzPWJjhYmYapMU/8LKBgb4Cc8gvEYk0NjwA="},"chainType":1,"messageKeys":{}}},"pendingPreKey":{"signedKeyId":1,"baseKey":"BaVeHgvLYMlNlBKgcUqRNrlt8q53+IMNtgeDEVlwDAAx","preKeyId":29}}},"version":"v1"}