{"version":5,"hash":{"type":"Buffer","data":"kuu3Anp7B9YMECHlu2PMdgkyj04KLEbazjOQtwBcKvqXoK66ik+ft5uGPISfFqzQiDNTgA5mJiN1vFGE29yPteTnLznjTMci2TcnyhMFd7URlulFHozQZyx6dJmfVKiYgmtt5taaNZEvlRRYxvfFSxIWPXEc1M2Bf8pFh8gnYZ0="},"indexValueMap":{"sJe3ZYhEbNxwcwRJQAyx9p8ZOGm3GtFeUp2mBU1/Lew=":{"valueMac":{"type":"Buffer","data":"ex+RcGWz65ZZQYylAulNiXVjuiJRIQcYpfemhFLXFU8="}},"PFZtir2hU5Z5jIFsnU6u3JFrB05oxqpKXSs0/qdCVJU=":{"valueMac":{"type":"Buffer","data":"ZPlH0HtZ5k3ataMroG38kc9HgMfHesvCrvf9Nwh/Kjk="}},"rhMRcdmqL4ffBlC/6JO5a4b6dj9QpLXVoRRO0tlCeZE=":{"valueMac":{"type":"Buffer","data":"Jo5u7sskULsxIaLYUcYd/II7kQco+JLaSOo5iM7IiLg="}},"Kd+XmdopvAIw/WxUpRquZvG7d0GxA7Z4SlNEKUHK3P4=":{"valueMac":{"type":"Buffer","data":"e6nyZyU5YZ7Mde0ZaouaFAgfPKElkn7LW//dBo/VzTY="}},"vowm8d3viiWY6absYh3OqHg7eNms4h3Cu/yjGDbIs3s=":{"valueMac":{"type":"Buffer","data":"inj/xymRS50TA59f7S+G0TqWjqsSljzrwc19Z4Exazw="}},"+p4hl3KyXMipQ5vYM6e9Q/3k+BtyU4G1U/joqaMzM/g=":{"valueMac":{"type":"Buffer","data":"E3XqujuK5x8uaPUesrfI1Sj3OqCLvHNaPsERE1FdYtM="}},"5PHo5YiYgZ5QxoAawvK0jMbDv1Q9sJTLnhgj3TZ8j9w=":{"valueMac":{"type":"Buffer","data":"rbOui5Rw4KWzFTTqoPts6Ifz89Lv0oQbhdbM/yLFgSs="}},"xsD6pmlCHr5vtBHM412ZvTUKLjArd7TF5gGYpniHVEM=":{"valueMac":{"type":"Buffer","data":"5IAaR8EJs+6/X3hjafFHtj5J+unll8vBlYdBPwv9eRc="}},"nqvJ3374i1rSeGgAO1iytYcAbnQ4NdPBzdB+wfXMJCY=":{"valueMac":{"type":"Buffer","data":"RK+VlhcS2O07xgjs0y0j00UcY9vDPXS6F53kuB+c/MA="}},"vLokrA8x+FVgTBYSJpipoVQx9LAJXy5AvNZtr64QJUo=":{"valueMac":{"type":"Buffer","data":"cA2LvNP5wwnD+ROG3nMQrj9FKy4QyADB3bMc04OomLQ="}},"Gx2lTLfp9ORF4A/wJO5VMhXM2JH2Q0yYseqlRV2vNZ4=":{"valueMac":{"type":"Buffer","data":"wo5uUYSv8Rg4hZ9BsPxBcRgfWZ+8wZUj5Td9Y2+F6cU="}},"q1B4aEQd2B+6k1Up5RmNXD8SBlw5ZIIA9tTKEW8yhJ0=":{"valueMac":{"type":"Buffer","data":"+GEHYtTQdzf7XywjHL5DUSzsK2biuozc5mksU+1bWFI="}},"RGvLtTRT0XRha2Yar87NMhCPWGq6SB1Vkviv27uU/sk=":{"valueMac":{"type":"Buffer","data":"X6+uAZl6ZGCBE0rU9JAl0cHzulnQgO30yOktnNU74FU="}},"1sSuajQeIL9yWeWQylhMLRGVhejxyDWInDwCGgxfI8U=":{"valueMac":{"type":"Buffer","data":"EUDBjU7OPBDFkcI1lbqIIMSXR18cUKt3su2ELpjolPI="}}}}