{"noiseKey":{"private":{"type":"Buffer","data":"4MemrJH5pQFoYdpAc0ergNKix9RtRo0JtVmiK43hpns="},"public":{"type":"Buffer","data":"LGyqS3+uG9885WGtlcR+DzZ6c9sgyN8SxcRrF5PqjV4="}},"pairingEphemeralKeyPair":{"private":{"type":"Buffer","data":"gJPkpqrKmukESMf9i1Oyv70Bimk1UchUpinWqCt/n0g="},"public":{"type":"Buffer","data":"hlPjD/sJaAuuNOGPaeYXGbajek8MMbMPqfn9sfjPOTY="}},"signedIdentityKey":{"private":{"type":"Buffer","data":"wIz2opB44VDeNvRl02tPtflR72fj/V1EVr3pSMU2vnc="},"public":{"type":"Buffer","data":"3BqL9DYVMWxk9vF2kOtcPa8ZksaWHcVTsTXfyssLTl8="}},"signedPreKey":{"keyPair":{"private":{"type":"Buffer","data":"OLleosGy7Ruq6yYMBQdCTPu5vApZqTRAHs86mVQ1g3A="},"public":{"type":"Buffer","data":"Uxm3g1CfvT/r9wOYoEsVO8Uv91L3ElUHigD8WyXMLj4="}},"signature":{"type":"Buffer","data":"ZruzK4kxFxAHzG5ineqHIXm855B8f3/h6ZGnGSRbFiFSJxNey0uU25fUm3P2Ck2EGIb9oDlKhD44FNAXK9tpDg=="},"keyId":1},"registrationId":88,"advSecretKey":"c9JwkXSe2kCQZ/6UkFmqkfH30g0/UjouYdVppqTOZRU=","processedHistoryMessages":[{"key":{"remoteJid":"5218992102596@s.whatsapp.net","fromMe":true,"id":"EAE0951FABFF40D1191B484F634EEFDB"},"messageTimestamp":1717573294},{"key":{"remoteJid":"5218992102596@s.whatsapp.net","fromMe":true,"id":"C9D4EF19594FAE3A85C8D42886C8A665"},"messageTimestamp":1717573294},{"key":{"remoteJid":"5218992102596@s.whatsapp.net","fromMe":true,"id":"81221DACBF6AB1C70B57F758188F3F71"},"messageTimestamp":1717573296},{"key":{"remoteJid":"5218992102596@s.whatsapp.net","fromMe":true,"id":"FA5D0A05FD388DC5DB4FC059E037A81D"},"messageTimestamp":1717573297},{"key":{"remoteJid":"5218992102596@s.whatsapp.net","fromMe":true,"id":"FD6922D470BDE97C9CB808F2EB7A5633"},"messageTimestamp":1717573298}],"nextPreKeyId":31,"firstUnuploadedPreKeyId":31,"accountSyncCounter":1,"accountSettings":{"unarchiveChats":false},"deviceId":"wNhaQNqbSRS-J1Hx4yd0pQ","phoneId":"5fe7f780-7b41-40e8-a3c7-28646ce12f64","identityId":{"type":"Buffer","data":"3msfC2UwEyeTNM4u3P6jrqFUGAY="},"registered":false,"backupToken":{"type":"Buffer","data":"ZzKOXIdYiugylIpVVJcj7bUVvcs="},"registration":{},"routingInfo":{"type":"Buffer","data":"CAgIDA=="},"account":{"details":"CMfbvfkHEKatgLMGGAIgACgA","accountSignatureKey":"HBpcaVKXPG3LR6alONm2u9egyb7yJRnps+tZMPvSEjs=","accountSignature":"QhmSAlUHmSforixixOrKhxfI5J3CftT9NcVOPP6RLKtpyOsifF27H82uoaosr9VGLQXcK0VAhWouDNUqcl4gCQ==","deviceSignature":"tCQBdjHqaHr69hK34wifSEMLYRxjbCLIo4Z8z4geTJkHjQMWg1Fy+bOJZ7N/9yJi9fUzCGgZ2Bu6hA7KGcGcBg=="},"me":{"id":"5218992102596:2@s.whatsapp.net","name":"Gato Multiusos","jid":"5218992102596@s.whatsapp.net","lid":"185736330502226:2@lid"},"signalIdentities":[{"identifier":{"name":"5218992102596:2@s.whatsapp.net","deviceId":0},"identifierKey":{"type":"Buffer","data":"BRwaXGlSlzxty0empTjZtrvXoMm+8iUZ6bPrWTD70hI7"}}],"platform":"smba","lastAccountSyncTimestamp":1718146697,"myAppStateKeyId":"AAAAAIAH","lastPropHash":"1zkqRC"}