[{"senderKeyId":266865694,"senderChainKey":{"iteration":94,"seed":"jNuHz2giWS30XP1eNgL/Amh0ihn6ADzNhntGeuU+h4M="},"senderSigningKey":{"public":"BdfdHbgqU9rRwr4Zi6pwBgyed57Dy9I1d5oWdxqvO6tg"},"senderMessageKeys":[{},{},{}]},{"senderKeyId":1862604784,"senderChainKey":{"iteration":1087,"seed":"7z/P38eY4IhmMOWVyQmRwMc0/je7JFgV5FSBAsHwHZc="},"senderSigningKey":{"public":"Bd4PjWQUGFoVlz0kqnA6SEi12+A2w852VGxeKT85dt9a"},"senderMessageKeys":[{},{},{},{},{},{},{},{},{},{},{},{},{},{},{},{},{},{},{},{},{},{},{}]}]