[{"senderKeyId":1116603665,"senderChainKey":{"iteration":2373,"seed":"x2PqYXNhUJ3qBeh4vvOsDIIz+UlNcbzU+rRwNouZ9cg="},"senderSigningKey":{"public":"Bc1kSpgVaN4JduehJ3gkBtJv5SUVXl+Zod/JL0qXsqBO","private":"KM8wzHZTYeWK4wYmignLnd70/sOSQSMCc9XK1/mx/HY="},"senderMessageKeys":[{"iteration":1,"seed":"a4ysDU4rqXVl+8iUxEynzGKyZzxpvtvI60xwnW5WB5k="},{"iteration":3,"seed":"2Qr/WC9YtLfNe1UCYcBSPaemsGgxsZMsGUKtpDrWQPE="},{"iteration":5,"seed":"Ls3U8mqgmkhJA77T5wv9HIfEnbIc+L6EERxITxlvb5k="},{"iteration":7,"seed":"cECLjYO+8Nb98hsNkAH5ohJ6lYOACQQY8pl7bS/af4g="},{"iteration":9,"seed":"UWY0MTP17xhKB26xfo+uQWhrPbOtJKwGo4QL0xETAkY="},{"iteration":11,"seed":"oZNdWULGYRrkHR2KP97qHZKP8E9ZWOQkLEM78dwG2J8="},{"iteration":13,"seed":"ciLNVpjo11jzhJ5LSoavANzDq1jpIU310WSNkbRTxGQ="},{"iteration":15,"seed":"+1EEknAiFzusMGi5iTTObjEEzoQgLEWBeqZjklFXtv4="},{"iteration":17,"seed":"dGGFNEco/KjP3XpeZieIhIGFqCq8T7jq5rKaBayMiEw="},{"iteration":19,"seed":"DDU5Fcyna5yq6LjcgkiWpIMVEQowU/BS5xh40Dg8/Ro="},{"iteration":21,"seed":"Eiqt9gnZ1BzVncepu2dhfCAkt2k+s49+mioz2UuGnx4="},{"iteration":23,"seed":"Kwz/2CwMvT4HCZydY5LMMAVxIuxi0nHSl0kWJGL9yOY="},{"iteration":25,"seed":"pbwW2ma8u+V0VO4MZdW/haXcDUdqRbOwy/x61FdhSSo="},{"iteration":27,"seed":"BdncjlDnx7YnV1jiuGXcBqAmSPHUVK0U/LBlRkOHcJc="},{"iteration":29,"seed":"7/fMy38beSsFxiVx8TWUBjwqtrQ9CKEc+SWTOXKl6fI="},{"iteration":31,"seed":"wuB2suKGqOsrXYVjN1GQDnpxaJDs7YQh8oZ/B3gqlrY="},{"iteration":33,"seed":"YVp+nE5mj93/jttm/HAtOKFcQVj3+1jBMpPfRG9y4qA="},{"iteration":35,"seed":"sueHwYqnJAqAey3lTgeg1wTQ8248jXk9OLumiGiT/0M="},{},{},{},{},{},{},{},{},{},{},{},{},{},{},{},{},{},{},{},{},{},{},{},{},{},{},{},{},{},{},{},{},{},{},{},{},{},{},{},{},{},{},{},{},{},{},{},{},{},{},{},{},{},{},{},{},{},{},{},{},{},{},{},{},{},{},{},{},{},{},{},{},{},{},{},{},{},{},{},{},{},{},{},{},{},{},{},{},{},{},{},{},{},{},{},{},{},{},{},{},{},{},{},{},{},{},{},{},{},{},{},{},{},{},{},{},{},{},{},{},{},{},{},{},{},{},{},{},{},{},{},{},{},{},{},{},{},{},{},{},{},{},{},{},{},{},{},{},{},{},{},{},{},{},{},{},{},{},{},{},{},{},{},{},{},{},{},{},{},{},{},{},{},{},{},{},{},{},{},{},{},{},{},{},{},{},{},{},{},{},{},{},{},{},{},{},{},{},{},{},{},{},{},{},{},{},{},{},{},{},{},{},{},{},{},{},{},{},{},{},{},{},{},{},{},{},{},{},{},{},{},{},{},{},{},{},{},{},{},{},{},{},{},{},{},{},{},{},{},{},{},{},{},{},{},{},{},{},{},{},{},{},{},{},{},{},{},{},{},{},{},{},{},{},{},{},{},{},{},{},{},{},{},{},{},{},{},{},{},{},{},{},{},{},{},{},{},{},{},{},{},{},{},{},{},{},{},{},{},{},{},{},{},{},{},{},{},{},{},{},{},{},{},{},{},{},{},{},{},{},{},{},{},{},{},{},{},{},{},{},{},{},{},{},{},{},{},{},{},{},{},{},{},{},{},{},{},{},{},{},{},{},{},{},{},{},{},{},{},{},{},{},{},{},{},{},{},{},{},{},{},{},{},{},{},{},{},{},{},{},{},{},{},{},{},{},{},{},{},{},{},{},{},{},{},{},{},{},{},{},{},{},{},{},{},{},{},{},{},{},{},{},{},{},{},{},{},{},{},{},{},{},{},{},{},{},{},{},{},{},{},{},{},{},{},{},{},{},{},{},{},{},{},{},{},{},{},{},{},{},{},{},{},{},{},{},{},{},{},{},{},{},{},{},{},{},{},{},{},{},{},{},{},{},{},{},{},{},{},{},{},{},{},{},{},{},{},{},{},{},{},{},{},{},{},{},{},{},{},{},{},{},{},{},{},{},{},{},{},{},{},{},{},{},{},{},{},{},{},{},{},{},{},{},{},{},{},{},{},{},{},{},{},{},{},{},{},{},{},{},{},{},{},{},{},{},{},{},{},{},{},{},{},{},{},{},{},{},{},{},{},{},{},{},{},{},{},{},{},{},{},{},{},{},{},{},{},{},{},{},{},{},{},{},{},{},{},{},{},{},{},{},{},{},{},{},{},{},{},{},{},{},{},{},{},{},{},{},{},{},{},{},{},{},{},{},{},{},{},{},{},{},{},{},{},{},{},{},{},{},{},{},{},{},{},{},{},{},{},{},{},{},{},{},{},{},{},{},{},{},{},{},{},{},{},{},{},{},{},{},{},{},{},{},{},{},{},{},{},{},{},{},{},{},{},{},{},{},{},{},{},{},{},{},{},{},{},{},{},{},{},{},{},{},{},{},{},{},{},{},{},{},{},{},{},{},{},{},{},{},{},{},{},{},{},{},{},{},{},{},{},{},{},{},{},{},{},{},{},{},{},{},{},{},{},{},{},{},{},{},{},{},{},{},{},{},{},{},{},{},{},{},{},{},{},{},{},{},{},{},{},{},{},{},{},{},{},{},{},{},{},{},{},{},{},{},{},{},{},{},{},{},{},{},{},{},{},{},{},{},{},{},{},{},{},{},{},{},{},{},{},{},{},{},{},{},{},{},{},{},{},{},{},{},{},{},{},{},{},{},{},{},{},{},{},{},{},{},{},{},{},{},{},{},{},{},{},{},{},{},{},{},{},{},{},{},{},{},{},{},{},{},{},{},{},{},{},{},{},{},{},{},{},{},{},{},{},{},{},{},{},{},{},{},{},{},{},{},{},{},{},{},{},{},{},{},{},{},{},{},{},{},{},{},{},{},{},{},{},{},{},{},{},{},{},{},{},{},{},{},{},{},{},{},{},{},{},{},{},{},{},{},{},{},{},{},{},{},{},{},{},{},{},{},{},{},{},{},{},{},{},{},{},{},{},{},{},{},{},{},{},{},{},{},{},{},{},{},{},{},{},{},{},{},{},{},{},{},{},{},{},{},{},{},{},{},{},{},{},{},{},{},{},{},{},{},{},{},{},{},{},{},{},{},{},{},{},{},{},{},{},{},{},{},{},{},{},{},{},{},{},{},{},{},{},{},{},{},{},{},{},{},{},{},{},{},{},{},{},{},{},{},{},{},{},{},{},{},{},{},{},{},{},{},{},{},{},{},{},{},{},{},{},{},{},{},{},{},{},{},{},{},{},{},{},{},{},{},{},{},{},{},{},{},{},{},{},{},{},{},{},{},{},{},{},{},{},{},{},{},{},{},{},{},{},{},{},{},{},{},{},{},{},{},{},{},{},{},{},{},{},{},{},{},{},{},{},{},{},{},{},{},{},{},{},{},{},{},{},{},{},{},{},{},{},{},{},{},{},{},{},{},{},{},{},{},{},{},{},{},{},{},{},{},{},{},{},{}]}]