{"595981957224@s.whatsapp.net":true,"51916137206@s.whatsapp.net":true,"51916137206:95@s.whatsapp.net":true,"59175287123@s.whatsapp.net":true,"51940348772@s.whatsapp.net":true,"5215646567196@s.whatsapp.net":true,"51991134021@s.whatsapp.net":true,"51991134021:42@s.whatsapp.net":true,"51973789254@s.whatsapp.net":true,"51910805966@s.whatsapp.net":true,"51916921168@s.whatsapp.net":true,"51902956589@s.whatsapp.net":true,"51985600608@s.whatsapp.net":true,"51985600608:26@s.whatsapp.net":true,"51985600608:32@s.whatsapp.net":true,"50368553411@s.whatsapp.net":true,"50368553411:28@s.whatsapp.net":true,"595981786963@s.whatsapp.net":true,"51934524735@s.whatsapp.net":true,"5212381864423@s.whatsapp.net":true,"51966213904@s.whatsapp.net":true,"51966213904:11@s.whatsapp.net":true,"573107766981@s.whatsapp.net":true,"50248975917@s.whatsapp.net":true,"50248975917:68@s.whatsapp.net":true,"50582524795@s.whatsapp.net":true,"51921718971@s.whatsapp.net":true,"51921718971:5@s.whatsapp.net":true,"51943866448@s.whatsapp.net":true,"51995386439@s.whatsapp.net":true,"51968472176@s.whatsapp.net":true,"5215559638871@s.whatsapp.net":true,"4917065937142@s.whatsapp.net":true,"4917065937142:2@s.whatsapp.net":true,"4917065937142:3@s.whatsapp.net":true,"5215634753532@s.whatsapp.net":true,"254729349693@s.whatsapp.net":true,"5493835405458@s.whatsapp.net":true,"51924049760@s.whatsapp.net":true,"51901740127@s.whatsapp.net":true,"50246341543@s.whatsapp.net":true,"59896708589@s.whatsapp.net":true,"447931900188@s.whatsapp.net":true,"447931900188:4@s.whatsapp.net":true,"447931900188:5@s.whatsapp.net":true,"918137841760@s.whatsapp.net":true,"5216643481551@s.whatsapp.net":true,"5216643481551:32@s.whatsapp.net":true,"51957329707@s.whatsapp.net":true,"5492604231837@s.whatsapp.net":true,"5492604231837:13@s.whatsapp.net":true,"5492604231837:15@s.whatsapp.net":true,"5492604231837:19@s.whatsapp.net":true,"51944608143@s.whatsapp.net":true,"51944608143:10@s.whatsapp.net":true,"51944608143:11@s.whatsapp.net":true,"51989238030@s.whatsapp.net":true,"59173235841@s.whatsapp.net":true,"5219616546618@s.whatsapp.net":true,"5219993239506@s.whatsapp.net":true,"51985579667@s.whatsapp.net":true,"51985579667:18@s.whatsapp.net":true,"51952594149@s.whatsapp.net":true,"59163215036@s.whatsapp.net":true,"50558244387@s.whatsapp.net":true,"50558244387:31@s.whatsapp.net":true,"50558244387:32@s.whatsapp.net":true,"51991378809@s.whatsapp.net":true,"5218318982273@s.whatsapp.net":true,"233599607733@s.whatsapp.net":true,"56975369694@s.whatsapp.net":true,"59175282976@s.whatsapp.net":true,"59163640536@s.whatsapp.net":true,"59163640536:15@s.whatsapp.net":true,"59163640536:16@s.whatsapp.net":true,"59163640536:18@s.whatsapp.net":true,"59163640536:19@s.whatsapp.net":true,"51927469205@s.whatsapp.net":true,"584241497059@s.whatsapp.net":true,"50233693523@s.whatsapp.net":true,"5213323847646@s.whatsapp.net":true,"51958947644@s.whatsapp.net":true,"573123270729@s.whatsapp.net":true,"5218992102596@s.whatsapp.net":true,"5218992102596:1@s.whatsapp.net":true}