{"_sessions":{"BVdEk9842RCMo0qnLI6WW9eUgf8S5M0z/jQOtCAVMrl8":{"registrationId":73596055,"currentRatchet":{"ephemeralKeyPair":{"pubKey":"BZ+V7M9xzjRNY3PbPIgKMHiDgebHWZsN/wrUFPL9toV/","privKey":"uL9iD3rmDUQKC/4tUzQoa4TWsBIlNboLAmPZ751fJ1A="},"lastRemoteEphemeralKey":"BT1nBJXmrTFiDLN/sldbgM4dmPxK1R+l6fwa1yLdCp1r","previousCounter":0,"rootKey":"NEeqIHa8UnV/6n/FMEuprFcYySEmiEW19SmzSguPkow="},"indexInfo":{"baseKey":"BVdEk9842RCMo0qnLI6WW9eUgf8S5M0z/jQOtCAVMrl8","baseKeyType":1,"closed":-1,"used":1717967332686,"created":1717967332686,"remoteIdentityKey":"BYFlCXArZshcXrNCSo5CyRJkHQeLzFWJvLH7WoFadehv"},"_chains":{"BZ+V7M9xzjRNY3PbPIgKMHiDgebHWZsN/wrUFPL9toV/":{"chainKey":{"counter":0,"key":"68LszyTvlvOigr6+ayhP/TY5on890mgtLqSyn+A8LZE="},"chainType":1,"messageKeys":{}}},"pendingPreKey":{"signedKeyId":4,"baseKey":"BVdEk9842RCMo0qnLI6WW9eUgf8S5M0z/jQOtCAVMrl8","preKeyId":9435453}}},"version":"v1"}