{"_sessions":{"BQMd/IEB9nYTP0peFXMF1qUN8/X+VAS8f1XN3TPfoVN9":{"registrationId":782637128,"currentRatchet":{"ephemeralKeyPair":{"pubKey":"BdrkOaz4wAEWr0GDJ+JEnEFBJnLt95DwXkvf1rSAOOVp","privKey":"4JqwviG7LNG8TAoVm6CbtKktbaZPZFA9eU0d04DkzXM="},"lastRemoteEphemeralKey":"BWPjJB91bZIflM+4pNFVID6ZIW52wJnXr4c92xkSqjl2","previousCounter":0,"rootKey":"2n98rE4JSEDxBztVVRLW1svf3GpV48d0zaSrGXWw64c="},"indexInfo":{"baseKey":"BQMd/IEB9nYTP0peFXMF1qUN8/X+VAS8f1XN3TPfoVN9","baseKeyType":1,"closed":-1,"used":1717967332682,"created":1717967332682,"remoteIdentityKey":"BTl+8NUchMTY4d4HznUD33D20VZtfkq3KCvM5n2fXndM"},"_chains":{"BdrkOaz4wAEWr0GDJ+JEnEFBJnLt95DwXkvf1rSAOOVp":{"chainKey":{"counter":0,"key":"Wj0kyt68G0c02ozVtw8cmuYKfLnvpDrM610zLc3N1JU="},"chainType":1,"messageKeys":{}}},"pendingPreKey":{"signedKeyId":3,"baseKey":"BQMd/IEB9nYTP0peFXMF1qUN8/X+VAS8f1XN3TPfoVN9","preKeyId":1019517}}},"version":"v1"}