{"_sessions":{"BRchMxyMyBgkkAEMrfrSk0HKbNe98nGy0ikULUPj/jBP":{"registrationId":1978335867,"currentRatchet":{"ephemeralKeyPair":{"pubKey":"BcMBW77cZrncUOGUUeeKEK+GvYXGq/NGsJWhIiTxsegO","privKey":"+HjnvbwPuNKqkvD9j0yDnTMFA7GO4Zdq7qzcKVyGDE8="},"lastRemoteEphemeralKey":"BXwq41OsWtYg35abouDMyO6VG9bLLtcQqzLCpiw6+Xlq","previousCounter":0,"rootKey":"Q0NcLhJnTllkvqOTCfDbt44rGETDc/R/YF8tLhCcEKc="},"indexInfo":{"baseKey":"BRchMxyMyBgkkAEMrfrSk0HKbNe98nGy0ikULUPj/jBP","baseKeyType":1,"closed":-1,"used":1717967332632,"created":1717967332632,"remoteIdentityKey":"BR1CW2Yn+yg69B3ZtMa6RAcEtDtKSnlSnnrXQZeWJKtI"},"_chains":{"BcMBW77cZrncUOGUUeeKEK+GvYXGq/NGsJWhIiTxsegO":{"chainKey":{"counter":0,"key":"HEmd1NmCJYnmTdccWEJfUZECPzmA5KXzpJ/y83eamX4="},"chainType":1,"messageKeys":{}}},"pendingPreKey":{"signedKeyId":0,"baseKey":"BRchMxyMyBgkkAEMrfrSk0HKbNe98nGy0ikULUPj/jBP","preKeyId":7742816}}},"version":"v1"}