{"_sessions":{"BcK69Bd8zgL1EK3kxzy93wOmJaRy9JhhsSUa2zClV3Ni":{"registrationId":2034552995,"currentRatchet":{"ephemeralKeyPair":{"pubKey":"BTQ4A2K9dyBeB2h+MfcAueNukGxF2TOGPiGy7ZdVd+hg","privKey":"iKGvqWj7p/8LrKi1egzf7j2cEvrCwwYN4KXi/uZTF2k="},"lastRemoteEphemeralKey":"BQF5CmgDvWoIQ83s34AipnklT84DFsjGpVJ31N6uEKJ0","previousCounter":0,"rootKey":"amKVGp59VFs9fn8900LNClOVHA9ymOBVWEAjg4cqHdE="},"indexInfo":{"baseKey":"BcK69Bd8zgL1EK3kxzy93wOmJaRy9JhhsSUa2zClV3Ni","baseKeyType":1,"closed":-1,"used":1717967332614,"created":1717967332614,"remoteIdentityKey":"BSsNhxiohNHKuwTDv9kK7LacSEkED1RelF6J3HA1tZ1a"},"_chains":{"BTQ4A2K9dyBeB2h+MfcAueNukGxF2TOGPiGy7ZdVd+hg":{"chainKey":{"counter":0,"key":"DipwzriUTDE5GBFZKLkZMydVwbkE93YCDSM1FhuuhXc="},"chainType":1,"messageKeys":{}}},"pendingPreKey":{"signedKeyId":0,"baseKey":"BcK69Bd8zgL1EK3kxzy93wOmJaRy9JhhsSUa2zClV3Ni","preKeyId":8730528}}},"version":"v1"}