{"_sessions":{"BbulQnvbc+YD5Zmyt0aOwBjad/XFYQfNcQh4l1mFw5Ji":{"registrationId":94977289,"currentRatchet":{"ephemeralKeyPair":{"pubKey":"BR6pwuQsMRJHJub3gsZr6/AYVvzHAddJdlZyJvszy1Ml","privKey":"mNcB1bxFZqlB7q3f88P0Cj2ow6PK3CiWJhIwY1KhmXA="},"lastRemoteEphemeralKey":"BXlOhjmvFdCXmD37YisZx/LjHD4NhWW7El5eT6zFhalQ","previousCounter":0,"rootKey":"qCPUz5i0y3KynOpxeV0lc0d824iYyxyV4sxMCQsyaFE="},"indexInfo":{"baseKey":"BbulQnvbc+YD5Zmyt0aOwBjad/XFYQfNcQh4l1mFw5Ji","baseKeyType":1,"closed":-1,"used":1717574659421,"created":1717574659421,"remoteIdentityKey":"BWdtPrUj84C3WBz8OTHVg9X6NRJHZLXeijrLUfPnb/Ah"},"_chains":{"BR6pwuQsMRJHJub3gsZr6/AYVvzHAddJdlZyJvszy1Ml":{"chainKey":{"counter":0,"key":"pJnNqfcvJMtUN1Lz7/8hL8J1VoAOho5jM2TTtcbhFH0="},"chainType":1,"messageKeys":{}}},"pendingPreKey":{"signedKeyId":10,"baseKey":"BbulQnvbc+YD5Zmyt0aOwBjad/XFYQfNcQh4l1mFw5Ji","preKeyId":12029754}}},"version":"v1"}