{"_sessions":{"BR0BqWsBVSLVD9owWnZkyJF6RmLsT58Pe+eiZanVvORz":{"registrationId":6582,"currentRatchet":{"ephemeralKeyPair":{"pubKey":"BcKAvqsVx8I0dXYdQbRl0GZQgC7VQ1gGVBbgUypHrqFR","privKey":"MINvEOrAMWte+trTcaHO4NiIt3oigUTWr8zFg05C8kY="},"lastRemoteEphemeralKey":"BUeXKtnQ9vluFscHm2okYLBxZUA5wfK3l+RdGjNiMmJj","previousCounter":0,"rootKey":"iT1gs0dtnJlQutGeDXFSRUNvTYaS7Jyp2XaN3W1KKKc="},"indexInfo":{"baseKey":"BR0BqWsBVSLVD9owWnZkyJF6RmLsT58Pe+eiZanVvORz","baseKeyType":1,"closed":-1,"used":1717967332591,"created":1717967332591,"remoteIdentityKey":"Bauyn4T1eOX9h0sfp8aSPPKQuRdIAEytoQEW/riApQh9"},"_chains":{"BcKAvqsVx8I0dXYdQbRl0GZQgC7VQ1gGVBbgUypHrqFR":{"chainKey":{"counter":0,"key":"J0929BgBky3SJ00u5dE1gzY361SAtK4Z6ajhc8zzht0="},"chainType":1,"messageKeys":{}}},"pendingPreKey":{"signedKeyId":5,"baseKey":"BR0BqWsBVSLVD9owWnZkyJF6RmLsT58Pe+eiZanVvORz","preKeyId":406}}},"version":"v1"}