{"_sessions":{"BVMV1nyNvzmIs3H1W7HoJGhBPeQx9mQQrUWCk8t4Ke5v":{"registrationId":865788112,"currentRatchet":{"ephemeralKeyPair":{"pubKey":"Bd97zTaQBJYkKgDk6LtC3xJ4Z6MM3GHkRRuyi+d+6j1V","privKey":"cOZ218+t7HSvrj0PcweOHF2OAsn3dB6ZWTtgVK8rMl4="},"lastRemoteEphemeralKey":"BT4KfEOgGJ2aPjRFSUpDAMB6DbH5TBAJXWeTIuDpvrBZ","previousCounter":0,"rootKey":"OSUNIkvKmZRGJOoS/tVNooLijjdzGQ/hvzbUZcCJicg="},"indexInfo":{"baseKey":"BVMV1nyNvzmIs3H1W7HoJGhBPeQx9mQQrUWCk8t4Ke5v","baseKeyType":1,"closed":-1,"used":1717967332709,"created":1717967332709,"remoteIdentityKey":"BU6S4VxGt56RFFGDkdWW1UYXfk4dUih7zeQ3Cef/ws0k"},"_chains":{"Bd97zTaQBJYkKgDk6LtC3xJ4Z6MM3GHkRRuyi+d+6j1V":{"chainKey":{"counter":0,"key":"GhLHT6Jb6LRiivYmyE0pZfB8b+RG6XOA4jdvqDnQMxk="},"chainType":1,"messageKeys":{}}},"pendingPreKey":{"signedKeyId":1,"baseKey":"BVMV1nyNvzmIs3H1W7HoJGhBPeQx9mQQrUWCk8t4Ke5v","preKeyId":4985904}}},"version":"v1"}