{"_sessions":{"BSAkMBWMcVCa5Gf+C+EnKczH/r+bEtj/+CZkXoWuHzNh":{"registrationId":1188601761,"currentRatchet":{"ephemeralKeyPair":{"pubKey":"BaQzW4MZIvDLrL51SbHCMT4RKKZQZUmL231JSLwS3gZw","privKey":"2Jv4p/1wR3+Y4wkzpn5WSR/CuO+LeKRrKTMHf/zj51Y="},"lastRemoteEphemeralKey":"BZuaZjP6mchCG0kVZIURYtUTp04EJwvQVWNfBG90uuF7","previousCounter":0,"rootKey":"VGvWDEJM0POE1z3JKM8W+cf6RUAex8lWf/gb8d9L4U4="},"indexInfo":{"baseKey":"BSAkMBWMcVCa5Gf+C+EnKczH/r+bEtj/+CZkXoWuHzNh","baseKeyType":1,"closed":-1,"used":1717967332733,"created":1717967332733,"remoteIdentityKey":"Bc7F9q9z1b1u6KZ+kjSTiHRKSxEpeXUZIIFatSVG7YIk"},"_chains":{"BaQzW4MZIvDLrL51SbHCMT4RKKZQZUmL231JSLwS3gZw":{"chainKey":{"counter":0,"key":"LrQXTTraWHhlW8AvZdCfKL4Z+IZF2P8zxxDvV9V6p/Y="},"chainType":1,"messageKeys":{}}},"pendingPreKey":{"signedKeyId":3,"baseKey":"BSAkMBWMcVCa5Gf+C+EnKczH/r+bEtj/+CZkXoWuHzNh","preKeyId":10478084}}},"version":"v1"}