{"_sessions":{"BSS907UBdfaA+4nEE49iqOnz+Nou8SWykhqCD6m5TwAT":{"registrationId":1494495847,"currentRatchet":{"ephemeralKeyPair":{"pubKey":"Bb6ys7ia4Leve9TltwE7H06fnRhd3O+MOAHRKYSnbngh","privKey":"8L3j21OXKbwLpphCT47NQWsdXvBWu8CT0XllfOUNWnU="},"lastRemoteEphemeralKey":"Bd1poqt/gJy35xmBxYIJJtF6Wh4iQQceznqfoVXKcDxU","previousCounter":0,"rootKey":"Qml6L+3VEdELtm0agTOE8FEtSCswT5yr2nqXFdW/gyc="},"indexInfo":{"baseKey":"BSS907UBdfaA+4nEE49iqOnz+Nou8SWykhqCD6m5TwAT","baseKeyType":1,"closed":-1,"used":1717967332698,"created":1717967332698,"remoteIdentityKey":"BZD4+/KNjhgu3w0OetTbbIgxKD4YzeFG0l1DPvzh0doL"},"_chains":{"Bb6ys7ia4Leve9TltwE7H06fnRhd3O+MOAHRKYSnbngh":{"chainKey":{"counter":0,"key":"7fL1QLMZ9edT5IIu0M2tBhMj09h37E0+ZGOQoXz5lgs="},"chainType":1,"messageKeys":{}}},"pendingPreKey":{"signedKeyId":18,"baseKey":"BSS907UBdfaA+4nEE49iqOnz+Nou8SWykhqCD6m5TwAT","preKeyId":8023036}}},"version":"v1"}