{"_sessions":{"BYTCwFrD9aR4ATLUJE7zOU24JFZ0W1HdESNohdkzJf8e":{"registrationId":15603,"currentRatchet":{"ephemeralKeyPair":{"pubKey":"BRuknE4IdsBBIMPdTjNE29tRbgPRCO5QpeUzsL6MKTse","privKey":"INOMcgUjDjeCS6FF8EkEkb9bb9yEcgAIUK7Ppt+NkUI="},"lastRemoteEphemeralKey":"BTXwzMzPzy88C8YvhSRmdCHj1UJqlFuCIR9wlwN1I4Nb","previousCounter":0,"rootKey":"MxuVs94ERGJ9/d0IwoKawTlYySJm8lDmWHEa9ViO3NE="},"indexInfo":{"baseKey":"BYTCwFrD9aR4ATLUJE7zOU24JFZ0W1HdESNohdkzJf8e","baseKeyType":1,"closed":-1,"used":1717967332579,"created":1717967332579,"remoteIdentityKey":"BTlOUID/SF3jnvxfXOVetb6h5mvHNakGRq0b2lzE7+Qi"},"_chains":{"BRuknE4IdsBBIMPdTjNE29tRbgPRCO5QpeUzsL6MKTse":{"chainKey":{"counter":0,"key":"uywRdfLBtnyb6lQLmVUJobUVgVwrdrhrqIzKpzlEBmU="},"chainType":1,"messageKeys":{}}},"pendingPreKey":{"signedKeyId":1,"baseKey":"BYTCwFrD9aR4ATLUJE7zOU24JFZ0W1HdESNohdkzJf8e"}}},"version":"v1"}