{"_sessions":{"Bc4GDBqfhb3Pc0bgZEaCL1KjXjrU6dRvaF7ygRl8hnoh":{"registrationId":445628324,"currentRatchet":{"ephemeralKeyPair":{"pubKey":"BXPeLcenCyNqj3tPIFeUq4ntzX/9BdW5HyosK2XvE1Jb","privKey":"gD4J9dsc2u6LOJUevTbvoN1b5qXRg6qgutrt3pHPNX8="},"lastRemoteEphemeralKey":"BRwxxKY0uLGwo39EsTPHxoqgxS8WWFAeOKAxR3GeW4R2","previousCounter":0,"rootKey":"fHAayrZJn52Bu3+be5YLMIHnJpQeka68Sk+RVJmpYto="},"indexInfo":{"baseKey":"Bc4GDBqfhb3Pc0bgZEaCL1KjXjrU6dRvaF7ygRl8hnoh","baseKeyType":1,"closed":-1,"used":1717967332720,"created":1717967332720,"remoteIdentityKey":"BcPUCFyfPIy328+06CSEG/Ia+TX3GF+Ulyf3N0SykjwN"},"_chains":{"BXPeLcenCyNqj3tPIFeUq4ntzX/9BdW5HyosK2XvE1Jb":{"chainKey":{"counter":0,"key":"CVu8hX6vTaJw9HpLYKvn8jC7Ju3C+C+3CZxNS0ai2zU="},"chainType":1,"messageKeys":{}}},"pendingPreKey":{"signedKeyId":3,"baseKey":"Bc4GDBqfhb3Pc0bgZEaCL1KjXjrU6dRvaF7ygRl8hnoh","preKeyId":14250766}}},"version":"v1"}