{"_sessions":{"BSb0LMfA1uSoaCBag1gUalp4wHDrP9oDngDXG4BSxOdt":{"registrationId":487104551,"currentRatchet":{"ephemeralKeyPair":{"pubKey":"BTWnJuAhePm+Xz5RgDhEY3qgcY+3t3YjZzmGRbeIOd5p","privKey":"gEAOF4DHU+RQdmKWJz8AAYOK8e7Ws5+//4eizraag3w="},"lastRemoteEphemeralKey":"Be/1GGYgb4I3B/n0vCy3J/8EK29m2sY4zOHCmqnxrelZ","previousCounter":0,"rootKey":"6GlHzbTJFMYkU6jI5cKWkcgVZBwUitSC43SPOrny9MM="},"indexInfo":{"baseKey":"BSb0LMfA1uSoaCBag1gUalp4wHDrP9oDngDXG4BSxOdt","baseKeyType":1,"closed":-1,"used":1717967332713,"created":1717967332713,"remoteIdentityKey":"BfG3hROvD+qTcR7F7y9hSWdTwV3t1FCHVuNoaonNObEU"},"_chains":{"BTWnJuAhePm+Xz5RgDhEY3qgcY+3t3YjZzmGRbeIOd5p":{"chainKey":{"counter":0,"key":"1+Y/gPWWISsd/BPPwCMnNljSUYg+0wvImaqZIotvRik="},"chainType":1,"messageKeys":{}}},"pendingPreKey":{"signedKeyId":16,"baseKey":"BSb0LMfA1uSoaCBag1gUalp4wHDrP9oDngDXG4BSxOdt","preKeyId":8279384}}},"version":"v1"}