{"_sessions":{"BbOiCTqMOcbbPZyL9ZYdhTrL4yEq3GReRvje95u/bWsP":{"registrationId":1781041734,"currentRatchet":{"ephemeralKeyPair":{"pubKey":"BexVklvbE+MV23XId6xlykNthrHw5313euhOuLyZhp1e","privKey":"QIEUu2wQrLe43bNPab2RiRzQu25PacUh+NPlxjCJ32s="},"lastRemoteEphemeralKey":"BagzatWDTXoKQd0+xaRczQOIRiZB4iXK1aY+tYRhV1AS","previousCounter":0,"rootKey":"/Dfp0s7vt3SXek4yRUXZSeHK53iwBYKR4YPrUEK+ObM="},"indexInfo":{"baseKey":"BbOiCTqMOcbbPZyL9ZYdhTrL4yEq3GReRvje95u/bWsP","baseKeyType":1,"closed":-1,"used":1717967332722,"created":1717967332722,"remoteIdentityKey":"BSMqSdC5X7+cMtdzmgyij8XZb8AmJdhzAZv/nx0qVw93"},"_chains":{"BexVklvbE+MV23XId6xlykNthrHw5313euhOuLyZhp1e":{"chainKey":{"counter":0,"key":"1swNbpDSmC2vAalqzghb2pBQKjxVTpU2SV7+UOsvkg0="},"chainType":1,"messageKeys":{}}},"pendingPreKey":{"signedKeyId":31,"baseKey":"BbOiCTqMOcbbPZyL9ZYdhTrL4yEq3GReRvje95u/bWsP","preKeyId":11638548}}},"version":"v1"}