{"_sessions":{"Bd0Mzpe8Rtb4Urq5iWqX8gAp+cIZEf+z7kqTIp0qhA5X":{"registrationId":4675,"currentRatchet":{"ephemeralKeyPair":{"pubKey":"BflF9nYOztZw4KIPZU98FWMSYZJFo98K+GP1GnncwiFW","privKey":"6F7U0M6G77vcypG9Y2Ff86T3hBzR0mf56tdVtsPLM1o="},"lastRemoteEphemeralKey":"BTLibIC3uHUGreLsQE8FROtrKyFbPtK/+p3BqiwGXWY3","previousCounter":0,"rootKey":"HPTOM/TOVPGIfompU+cyedhCthJxshzu9lgk9jusgcE="},"indexInfo":{"baseKey":"Bd0Mzpe8Rtb4Urq5iWqX8gAp+cIZEf+z7kqTIp0qhA5X","baseKeyType":1,"closed":-1,"used":1717967332589,"created":1717967332589,"remoteIdentityKey":"BWOhcpk6LBeKQ1Dpn7fA/4N/CJNCDynpDzr5o9juMdFu"},"_chains":{"BflF9nYOztZw4KIPZU98FWMSYZJFo98K+GP1GnncwiFW":{"chainKey":{"counter":0,"key":"2tnfFba+lkBTiTDvql5YQzJDH/lME0xh4eWM1uZeZy8="},"chainType":1,"messageKeys":{}}},"pendingPreKey":{"signedKeyId":1,"baseKey":"Bd0Mzpe8Rtb4Urq5iWqX8gAp+cIZEf+z7kqTIp0qhA5X","preKeyId":45}}},"version":"v1"}