{"_sessions":{"BXOWIzxniAVxF2pXPPF5qeeqM3DszVCTH4bQ8+Jet/dK":{"registrationId":16,"currentRatchet":{"ephemeralKeyPair":{"pubKey":"BRxPnUUDzgpZy4aXPj2MAflO8laSAvLv055k0Hn8qnc7","privKey":"mDWNSBxWKC3fIUm5iactM4kT5/4luuAiECYQNaBweEs="},"lastRemoteEphemeralKey":"BQi/A1He7N2AkQCCxWC2LNGnIthG+cuws4IgfNYxFtMw","previousCounter":0,"rootKey":"FgOGRNoIkp707oEvLA/JJi218dVjC/pEaf15cx/5tHw="},"indexInfo":{"baseKey":"BXOWIzxniAVxF2pXPPF5qeeqM3DszVCTH4bQ8+Jet/dK","baseKeyType":1,"closed":-1,"used":1717967332562,"created":1717967332562,"remoteIdentityKey":"Bbcb7P4v/MqpsP5KsvU+cDiXhSUi7mNboGbaqZZc9ZA3"},"_chains":{"BRxPnUUDzgpZy4aXPj2MAflO8laSAvLv055k0Hn8qnc7":{"chainKey":{"counter":0,"key":"n2I2AaBHH+fxrPuELw6kl7qi41h1ycUKGBXsf25Jq+M="},"chainType":1,"messageKeys":{}}},"pendingPreKey":{"signedKeyId":1,"baseKey":"BXOWIzxniAVxF2pXPPF5qeeqM3DszVCTH4bQ8+Jet/dK","preKeyId":57}}},"version":"v1"}