{"_sessions":{"BR4Spyh3muy+L/nw270NLs+68aEnoaC5H5dyZ8ir5RIM":{"registrationId":581744666,"currentRatchet":{"ephemeralKeyPair":{"pubKey":"BcyGer++dSUSkxDRSAIxZOEkEo24/rurGmnX+8eUTYZH","privKey":"kJGTDuVUOXvw8xFr6dOnsgf+xC70g+qa+e0dy3LG/WE="},"lastRemoteEphemeralKey":"Bd7krKA2jCSbrQLcmAQaxn2vW52sWCF4df5eTJXxoOgs","previousCounter":0,"rootKey":"Fmu90KXNNlxoJUt4r0TQ5kR6kuRKGLlE+vIhalb7LLY="},"indexInfo":{"baseKey":"BR4Spyh3muy+L/nw270NLs+68aEnoaC5H5dyZ8ir5RIM","baseKeyType":1,"closed":-1,"used":1717967332643,"created":1717967332643,"remoteIdentityKey":"BR923VyLq1lpQ1MA2M6gA1geWo4fnJ8HrUS+Ny8Bk4MX"},"_chains":{"BcyGer++dSUSkxDRSAIxZOEkEo24/rurGmnX+8eUTYZH":{"chainKey":{"counter":0,"key":"0VBRWlomS4C3QXjKp2IrUG8kG35QOLFkoNqDFtiMr8A="},"chainType":1,"messageKeys":{}}},"pendingPreKey":{"signedKeyId":5,"baseKey":"BR4Spyh3muy+L/nw270NLs+68aEnoaC5H5dyZ8ir5RIM","preKeyId":3540556}}},"version":"v1"}