{"_sessions":{"BZ9sDaNhcG9yTVIkZ8UCH0n5albpJHwTsEI8IZYnJDAs":{"registrationId":3775,"currentRatchet":{"ephemeralKeyPair":{"pubKey":"BdJqN1spHCsKYjkktIWSpILy9vprUu01tJpOnO3kGSB8","privKey":"ONwKJjFbmg6Lc2wFM0nr2kytkDl05K75oBGNJueuW2w="},"lastRemoteEphemeralKey":"BaYoocriOhl7E+HrX3zDWoAL341kU+1yN5hlZFpBOJZF","previousCounter":0,"rootKey":"B0VU5AIVGcrnqQHhf5h92UAtK5U8vfYut+4Jhf8CcI4="},"indexInfo":{"baseKey":"BZ9sDaNhcG9yTVIkZ8UCH0n5albpJHwTsEI8IZYnJDAs","baseKeyType":1,"closed":-1,"used":1717967332577,"created":1717967332577,"remoteIdentityKey":"BZJY10OnDY0iWL3YJQKr+I0WD+wut685VoW5s/2g3Xt6"},"_chains":{"BdJqN1spHCsKYjkktIWSpILy9vprUu01tJpOnO3kGSB8":{"chainKey":{"counter":0,"key":"MwjlESfK85IVs9N5EOx9Ns0lrl5txsyXJxWcOx14vtc="},"chainType":1,"messageKeys":{}}},"pendingPreKey":{"signedKeyId":2,"baseKey":"BZ9sDaNhcG9yTVIkZ8UCH0n5albpJHwTsEI8IZYnJDAs","preKeyId":678}}},"version":"v1"}