{"_sessions":{"BfHyfPAxcHdVOffrvXGgqiYaN6WmUMCczqaFcmOVq8Mh":{"registrationId":11761,"currentRatchet":{"ephemeralKeyPair":{"pubKey":"BdCRJb4hBOmC5Z87+iI5KnqZKGsyrCdreAzZm7lJBlUs","privKey":"gHDQU3mOiqqq+2ySwb+CeosBzHf8lTCi0O2nIbTR0HA="},"lastRemoteEphemeralKey":"BY4S7brx61/IH5nIx/fu3aWbYjsle+DjIasnzrk2MzpV","previousCounter":0,"rootKey":"W+4HHMnuLE8ptqhXHECryKs0+r3jRSbVd94cWPVCYhQ="},"indexInfo":{"baseKey":"BfHyfPAxcHdVOffrvXGgqiYaN6WmUMCczqaFcmOVq8Mh","baseKeyType":1,"closed":-1,"used":1717967332596,"created":1717967332596,"remoteIdentityKey":"BYw2Kbr6SCTWCeKbg1+oUg9rJ6AUtBOlsqVCtLTCCjlO"},"_chains":{"BdCRJb4hBOmC5Z87+iI5KnqZKGsyrCdreAzZm7lJBlUs":{"chainKey":{"counter":0,"key":"ZWTpC6HoTs60VcWiNlJgLy7qRv4nbICEofogrpcA5p8="},"chainType":1,"messageKeys":{}}},"pendingPreKey":{"signedKeyId":1,"baseKey":"BfHyfPAxcHdVOffrvXGgqiYaN6WmUMCczqaFcmOVq8Mh"}}},"version":"v1"}