{"_sessions":{"BWaMD7Y0+q7JkF6n8BTwaDANOpktONZXyw3/uMmmz/wL":{"registrationId":812838266,"currentRatchet":{"ephemeralKeyPair":{"pubKey":"BaBFEtwTweLkSb1UIjpKZUiKQRrog82llBsb0tyk4tlC","privKey":"cA0BlGClDwQdmTE/XsjPtzgjRsO8fk8XEpzsKVc+aFM="},"lastRemoteEphemeralKey":"BTjOpoauy1HgTqI/7jtoiIm0wfK7qA2qFgMswTPmzpQS","previousCounter":0,"rootKey":"bGFoB0A3X49et58z41QzA9SMg/HC1S6eHEysafrmDAI="},"indexInfo":{"baseKey":"BWaMD7Y0+q7JkF6n8BTwaDANOpktONZXyw3/uMmmz/wL","baseKeyType":1,"closed":-1,"used":1717967332684,"created":1717967332684,"remoteIdentityKey":"BTfBYovMbzOIIRLYmS5xXp6fW1fSOq3C8fLbN6nP5SdA"},"_chains":{"BaBFEtwTweLkSb1UIjpKZUiKQRrog82llBsb0tyk4tlC":{"chainKey":{"counter":0,"key":"DLgSy62CS0PeaSfCh9Hf6OtCAPmzFi9CWLZ/KoABxpI="},"chainType":1,"messageKeys":{}}},"pendingPreKey":{"signedKeyId":3,"baseKey":"BWaMD7Y0+q7JkF6n8BTwaDANOpktONZXyw3/uMmmz/wL"}}},"version":"v1"}