{"_sessions":{"BYORNvn2BiF8JBcxL44G+XlDbtYMFyW66RuFpakPSwhS":{"registrationId":2146967921,"currentRatchet":{"ephemeralKeyPair":{"pubKey":"BTZdbjNCOjYkd6PBiwUBn5Zp6onRluUnw5x6B10kHTB5","privKey":"CHSA1o94NH9ws56KtBSFMzt/Z9BsAtFdekmMpwIGzHY="},"lastRemoteEphemeralKey":"BVQT5aYz/4CWKwpnBR3Hnc52aFpAKBo6dO8bITZzAxYi","previousCounter":0,"rootKey":"Y2CDtgnWCAGvHwLFd9PINpKCyJX22V+KgehxTWza3eg="},"indexInfo":{"baseKey":"BYORNvn2BiF8JBcxL44G+XlDbtYMFyW66RuFpakPSwhS","baseKeyType":1,"closed":-1,"used":1717967332691,"created":1717967332691,"remoteIdentityKey":"BSJq1shcJanG7YbRt0vhUp2lTAPFoFfDCaxfBVEf1+t+"},"_chains":{"BTZdbjNCOjYkd6PBiwUBn5Zp6onRluUnw5x6B10kHTB5":{"chainKey":{"counter":0,"key":"XlZs/pYBJVyizRwoOVmW5o8f6DHXAauLZSo5Q+9hf0s="},"chainType":1,"messageKeys":{}}},"pendingPreKey":{"signedKeyId":8,"baseKey":"BYORNvn2BiF8JBcxL44G+XlDbtYMFyW66RuFpakPSwhS","preKeyId":13857979}}},"version":"v1"}