{"_sessions":{"BSDASmStwdD3y4oTUvEsfRovrzti5Cbwk07YxhN+pYcA":{"registrationId":456567615,"currentRatchet":{"ephemeralKeyPair":{"pubKey":"BZRRMRCqnlg1579f9JGWn+nKFkgYYU9pOuHTF/M0w3cP","privKey":"CB5mcJS6Be/ogByFpF7GYQWcUhZonyno9cb4SxB9X0Q="},"lastRemoteEphemeralKey":"BcCIz9pXDdtR567fyq7KTAC6lNs7FpnSTEZR2Iw16oUU","previousCounter":0,"rootKey":"Dr5waT14KLoR3XSWLGw80QIc9sQpWV475B7qnDZhxiQ="},"indexInfo":{"baseKey":"BSDASmStwdD3y4oTUvEsfRovrzti5Cbwk07YxhN+pYcA","baseKeyType":1,"closed":-1,"used":1717967332573,"created":1717967332573,"remoteIdentityKey":"BZxOsgMkvwQ0K+C9/0nIomQ1nyHmmA0/PAL4hi4VqAUb"},"_chains":{"BZRRMRCqnlg1579f9JGWn+nKFkgYYU9pOuHTF/M0w3cP":{"chainKey":{"counter":0,"key":"T8AerqOiG+8HgLwo3El4sGnZzrbo5Gmqi4R/a1Gvbf8="},"chainType":1,"messageKeys":{}}},"pendingPreKey":{"signedKeyId":0,"baseKey":"BSDASmStwdD3y4oTUvEsfRovrzti5Cbwk07YxhN+pYcA","preKeyId":14994894}}},"version":"v1"}