{"_sessions":{"BaohdAhgHOm9BKPfS0uYbamWzwjr4ivXkQLGk5Nsr5ov":{"registrationId":49,"currentRatchet":{"ephemeralKeyPair":{"pubKey":"BbiRvMMYSzEQyfY488AOKlD594pzCE8CT+9deD6dWWEl","privKey":"OF63+AZneGHRiR/zDRCg9oW1LvXrgCVIEwA9xRBHlHA="},"lastRemoteEphemeralKey":"Ba+eV5YNTt26L6Y4Y0vLdiWj9obTs3/pCF07Yfl1llY+","previousCounter":0,"rootKey":"mom1o9XpjHQOrqV5QztJJEoa+If2Eo6FtaiB6iM50j0="},"indexInfo":{"baseKey":"BaohdAhgHOm9BKPfS0uYbamWzwjr4ivXkQLGk5Nsr5ov","baseKeyType":1,"closed":-1,"used":1717967332575,"created":1717967332575,"remoteIdentityKey":"BdPNUTvTgsDmQcFSXB0+IYgqleVjU2hRJee/xbM9lR1R"},"_chains":{"BbiRvMMYSzEQyfY488AOKlD594pzCE8CT+9deD6dWWEl":{"chainKey":{"counter":0,"key":"Iy+JTNRNgiTKoUkJr3wO1kDNXNid2c1/C8krRNzKf18="},"chainType":1,"messageKeys":{}}},"pendingPreKey":{"signedKeyId":1,"baseKey":"BaohdAhgHOm9BKPfS0uYbamWzwjr4ivXkQLGk5Nsr5ov"}}},"version":"v1"}