{"_sessions":{"BXT3GuiNpwLIfANPwgZHjM6dwnR+bh5xZanOkRPtcXg8":{"registrationId":649801473,"currentRatchet":{"ephemeralKeyPair":{"pubKey":"BT6cIAJBfLxa0TcJcTWccjBYZVj5tVAlqq8th+8kIMwB","privKey":"QPqt5Lj3skkGbfSlYLqYc+KU6kulWacVK8XqK0YUxG4="},"lastRemoteEphemeralKey":"BZFsHhCb/7uN25bs6gd812UbfV5STrPglhDNaWoHrJNM","previousCounter":0,"rootKey":"xevnU7ftbwTzbICtRGwmETURJ/oAQfTDzIDRSS6Z3UI="},"indexInfo":{"baseKey":"BXT3GuiNpwLIfANPwgZHjM6dwnR+bh5xZanOkRPtcXg8","baseKeyType":1,"closed":-1,"used":1717967332612,"created":1717967332612,"remoteIdentityKey":"BZRl2aSXlcM/d5brzL1UdPLgS/FmiVX+VvRXYdrqwBkx"},"_chains":{"BT6cIAJBfLxa0TcJcTWccjBYZVj5tVAlqq8th+8kIMwB":{"chainKey":{"counter":0,"key":"heGnHyh0+jdIxmT3hd5rsqE5OORFdMUc65URSewAxno="},"chainType":1,"messageKeys":{}}},"pendingPreKey":{"signedKeyId":1,"baseKey":"BXT3GuiNpwLIfANPwgZHjM6dwnR+bh5xZanOkRPtcXg8","preKeyId":14724224}}},"version":"v1"}