{"_sessions":{"BaW+JSduNr0jABo1dTY0hMiiT7BaTIV741WR2AtJCOVH":{"registrationId":2105474775,"currentRatchet":{"ephemeralKeyPair":{"pubKey":"BazrkKYefrvKJJboeccLUTLySlg9JucsHyCIQ0zhwmcf","privKey":"2CRbQnWx/2ni0bIdp/f8PDowynwYiQ/L02OoDngWi2I="},"lastRemoteEphemeralKey":"BVotVxRbb6Qbx04JjK2YqRhXs4Swf/WtLATjX3OFU3pZ","previousCounter":0,"rootKey":"tYHqSnGuK8qb0iC/bRGe2fUkrqsxJh89heoqkc+qhAk="},"indexInfo":{"baseKey":"BaW+JSduNr0jABo1dTY0hMiiT7BaTIV741WR2AtJCOVH","baseKeyType":1,"closed":-1,"used":1717967332616,"created":1717967332616,"remoteIdentityKey":"BTTT7b4MAWl4RnlorpEREvGiohcSrQWLjI7Y6cn374UB"},"_chains":{"BazrkKYefrvKJJboeccLUTLySlg9JucsHyCIQ0zhwmcf":{"chainKey":{"counter":0,"key":"lLBFK5rmyphmNyI/sSJlRKndN1CGVF5KmtP5QrzwdIA="},"chainType":1,"messageKeys":{}}},"pendingPreKey":{"signedKeyId":17,"baseKey":"BaW+JSduNr0jABo1dTY0hMiiT7BaTIV741WR2AtJCOVH","preKeyId":9873725}}},"version":"v1"}