{"_sessions":{"BcECm8svD7XdKoMK8069fSe9J0T4zgWUdZtjTX90OG5X":{"registrationId":1244425337,"currentRatchet":{"ephemeralKeyPair":{"pubKey":"BdRaRNb9hpnbr/j/Nh7O4R8El2iMBl2CSlrJDRJXqJwj","privKey":"oKVrLgyivzy8bnTsmvA7F5Td/tY1WBUKPtoPa4BTZn8="},"lastRemoteEphemeralKey":"BToOmeJD/QFFcCks0zo2AEyPJ5c/1NbR2Bi1XW2DRaQz","previousCounter":0,"rootKey":"GaK+qd64cTQ+lRtS8wx7T/4DT/UWwheobFCWys8EnnM="},"indexInfo":{"baseKey":"BcECm8svD7XdKoMK8069fSe9J0T4zgWUdZtjTX90OG5X","baseKeyType":1,"closed":-1,"used":1717967332673,"created":1717967332673,"remoteIdentityKey":"BVvlk7p/6hG4sMeqUxudRUQhoEkqCOIxhaF6lmTs6clf"},"_chains":{"BdRaRNb9hpnbr/j/Nh7O4R8El2iMBl2CSlrJDRJXqJwj":{"chainKey":{"counter":0,"key":"U3JwQKZIPDl3kF9voqAjBSNGyFVDLyc8Dq1BpPRODcY="},"chainType":1,"messageKeys":{}}},"pendingPreKey":{"signedKeyId":6,"baseKey":"BcECm8svD7XdKoMK8069fSe9J0T4zgWUdZtjTX90OG5X","preKeyId":422308}}},"version":"v1"}