{"_sessions":{"BerEjZFfhy1JtexssattGx6gpzEysWCa2rdU/2i+1cJK":{"registrationId":428731216,"currentRatchet":{"ephemeralKeyPair":{"pubKey":"BWTAVtGW+SUPYLcGHQlJToZQW0BnT/b6gpm9iZPsQQJR","privKey":"KAPXSB7NpKEK0pE/1t/pCY3oElS2NHY8Q4euxvsFRkk="},"lastRemoteEphemeralKey":"BaJ/ZPbpV8ycIPuzVEjis6+YaxmDjZDpz+mCrhz+uzMh","previousCounter":0,"rootKey":"gBb5M6YDn4twNVC8/pGG1XbXhYGH8U+9InMpuU7yJnw="},"indexInfo":{"baseKey":"BerEjZFfhy1JtexssattGx6gpzEysWCa2rdU/2i+1cJK","baseKeyType":1,"closed":-1,"used":1717967332695,"created":1717967332695,"remoteIdentityKey":"Bev/SVY3ZICLueU9XIzxvAAjJI0Nr8FhduCR9K+VgsJk"},"_chains":{"BWTAVtGW+SUPYLcGHQlJToZQW0BnT/b6gpm9iZPsQQJR":{"chainKey":{"counter":0,"key":"KWgphMwAdSE7iu6KUSp6K5gHH3l6cTClXt4wDQN6fvg="},"chainType":1,"messageKeys":{}}},"pendingPreKey":{"signedKeyId":2,"baseKey":"BerEjZFfhy1JtexssattGx6gpzEysWCa2rdU/2i+1cJK","preKeyId":16345059}}},"version":"v1"}