{"_sessions":{"Bc5X/J4WQXGCe7VGg6sXFQ9xxmWhZd3hgCqKEsbb+TpM":{"registrationId":1986383681,"currentRatchet":{"ephemeralKeyPair":{"pubKey":"BfMvomX9JUzqNvNjYk7ex7WfsSsP8FIs6jRcxq0u6D9n","privKey":"KPZIlyCsAcTnOy/T8HNO2Vg/dwmv1pV08mB3MUyjon4="},"lastRemoteEphemeralKey":"BZyfiXmtrENif0rmr566ymqUeRGj2kcFLaUUfAY22Tw+","previousCounter":0,"rootKey":"NDYonvzJDWkf/NS4i+CQeOkjmAqhFU90PuAmrf1RzmI="},"indexInfo":{"baseKey":"Bc5X/J4WQXGCe7VGg6sXFQ9xxmWhZd3hgCqKEsbb+TpM","baseKeyType":1,"closed":-1,"used":1717967332649,"created":1717967332649,"remoteIdentityKey":"BSVh3RgIHCCs3M+aHKVamb37QrUzFAUdYONq2Io/dclo"},"_chains":{"BfMvomX9JUzqNvNjYk7ex7WfsSsP8FIs6jRcxq0u6D9n":{"chainKey":{"counter":0,"key":"qhxGnZslZjx13/PSryAlPnfyjr0F0AQJzHMwTISBhFU="},"chainType":1,"messageKeys":{}}},"pendingPreKey":{"signedKeyId":1,"baseKey":"Bc5X/J4WQXGCe7VGg6sXFQ9xxmWhZd3hgCqKEsbb+TpM","preKeyId":15499439}}},"version":"v1"}