{"_sessions":{"BY7neJBd58PEYemNlmowyijpYS2PuHMavExbmgejoaxZ":{"registrationId":1059398355,"currentRatchet":{"ephemeralKeyPair":{"pubKey":"BYTaxpZESnYtsBXgQgxahAo/fqlmK692qX+UHO0Zw4lw","privKey":"IJjk+ffa8fhguN+YITMh+y7JD9pMqnCI70T5DR3QREs="},"lastRemoteEphemeralKey":"BX7ETR2fH6BpcjOorY5bYj0JODcNw+DQvTYdxaQvaA5Q","previousCounter":0,"rootKey":"FFGTdSz22m8y9dMj/k2tE5CvjB2/WCWctAuvohpfjPU="},"indexInfo":{"baseKey":"BY7neJBd58PEYemNlmowyijpYS2PuHMavExbmgejoaxZ","baseKeyType":1,"closed":-1,"used":1717967332610,"created":1717967332610,"remoteIdentityKey":"BcJF4EQtpf/y+9d8ZSrmZndLVpO4yhlnfUuygdAhlbYH"},"_chains":{"BYTaxpZESnYtsBXgQgxahAo/fqlmK692qX+UHO0Zw4lw":{"chainKey":{"counter":0,"key":"jX01Xj54Vq27oo+1Y2Yq0O0FwUjoawiQ6fytLw+bi8o="},"chainType":1,"messageKeys":{}}},"pendingPreKey":{"signedKeyId":7,"baseKey":"BY7neJBd58PEYemNlmowyijpYS2PuHMavExbmgejoaxZ","preKeyId":15129546}}},"version":"v1"}