{"_sessions":{"Bdvw942DeJl2JuR/GDQDPxZYdbVoN5SgLTQuclEVxI5y":{"registrationId":1275517488,"currentRatchet":{"ephemeralKeyPair":{"pubKey":"Bfz83CzJm+NZsEtOsY96Rk/v0spiIpilMOB4u3KJA9hq","privKey":"mEWnOC4+kR6c0vhO62bRcADLy0GvxzpdVpBCIebGAXE="},"lastRemoteEphemeralKey":"BamhoNtD1j/gIUtk7maOaZqt9kQQF+HKnyCdaCgYlH5P","previousCounter":0,"rootKey":"b2gMpNDU3hbC4SQN3WYBMqVKE4nZtRYW1VftdgvKis8="},"indexInfo":{"baseKey":"Bdvw942DeJl2JuR/GDQDPxZYdbVoN5SgLTQuclEVxI5y","baseKeyType":1,"closed":-1,"used":1717967332630,"created":1717967332630,"remoteIdentityKey":"BSSCUQ08YivS/QaVCUIfl2vZVUCgZzGlQkXZjB9OT7ps"},"_chains":{"Bfz83CzJm+NZsEtOsY96Rk/v0spiIpilMOB4u3KJA9hq":{"chainKey":{"counter":0,"key":"Xdc+eLafRyBlcgoI5ueVvuM2o24VmgH2fEyvGt243yw="},"chainType":1,"messageKeys":{}}},"pendingPreKey":{"signedKeyId":4,"baseKey":"Bdvw942DeJl2JuR/GDQDPxZYdbVoN5SgLTQuclEVxI5y","preKeyId":2727983}}},"version":"v1"}