{"_sessions":{"BfZ32vaytqITaJMAaP2h4HE/isnoYWO5KDvvUgiCT0dZ":{"registrationId":85,"currentRatchet":{"ephemeralKeyPair":{"pubKey":"Bbd5eTBnZAO0D/Fg7PL7QNaflKQEPDbfCWmED9hxy0g9","privKey":"APJ5bCSH2AGXgFDy3qeuDuVx3Fniz/K4kUx7omVuJUM="},"lastRemoteEphemeralKey":"BTWeDlUcYPIzZsBDKDEnay03nKB4mCG6H7eB3zkXTPpd","previousCounter":0,"rootKey":"xi2AGFj/qva+VMQOQjlLlRFokkmzDtlfyfkT7ulg0HA="},"indexInfo":{"baseKey":"BfZ32vaytqITaJMAaP2h4HE/isnoYWO5KDvvUgiCT0dZ","baseKeyType":1,"closed":-1,"used":1717967332557,"created":1717967332557,"remoteIdentityKey":"BaKfqOAvwCl2guAmVXFYq0FSOznUZ2xSO/1CToIi4VJO"},"_chains":{"Bbd5eTBnZAO0D/Fg7PL7QNaflKQEPDbfCWmED9hxy0g9":{"chainKey":{"counter":0,"key":"t7eopfABM2ISUSvhaoaiUjrjFBQEKi9AJHBvuk8EG1s="},"chainType":1,"messageKeys":{}}},"pendingPreKey":{"signedKeyId":1,"baseKey":"BfZ32vaytqITaJMAaP2h4HE/isnoYWO5KDvvUgiCT0dZ","preKeyId":1575}}},"version":"v1"}