{"_sessions":{"BT3MDkc6bcVSV+TiDA06Gte+Al/NdJsFenpHGw6efmMv":{"registrationId":1466985132,"currentRatchet":{"ephemeralKeyPair":{"pubKey":"BfbSVAcQZhoTwhnWdni3275eDVM5C0HtvWhgDvvQCatC","privKey":"8HiJfEEZgmeXKw/eUl4SPqbdftUXo5TJC3N4bd/GLlk="},"lastRemoteEphemeralKey":"BWTQH2culqt+3gphYdKtM25nCmf27sp21cioK3np9kVH","previousCounter":0,"rootKey":"PUEU+8lbJRmqrOJOeG9ev+pbHtr7oHuQCEokm8O1WDY="},"indexInfo":{"baseKey":"BT3MDkc6bcVSV+TiDA06Gte+Al/NdJsFenpHGw6efmMv","baseKeyType":1,"closed":-1,"used":1717967332689,"created":1717967332689,"remoteIdentityKey":"BVSOskHn1Iok9nyyz9lwkn8A1v/vRLH7bShKHxkz72wn"},"_chains":{"BfbSVAcQZhoTwhnWdni3275eDVM5C0HtvWhgDvvQCatC":{"chainKey":{"counter":0,"key":"5RDgMusvxhdbF7g3HIvWuXraMwiv2z+yAr5bUljaBcI="},"chainType":1,"messageKeys":{}}},"pendingPreKey":{"signedKeyId":5,"baseKey":"BT3MDkc6bcVSV+TiDA06Gte+Al/NdJsFenpHGw6efmMv","preKeyId":12051873}}},"version":"v1"}