{"_sessions":{"BdKr1EA7KOwa7u0DiADvNQQeBs4eyWf152EQi5lK42Jx":{"registrationId":2109221051,"currentRatchet":{"ephemeralKeyPair":{"pubKey":"BSr3Y+v4KpCPs1S2pzvFZpBSDS16YzzyZkzgVG4AlNBF","privKey":"8NukPb7P4L1lL44Q/cX6ubEHoAd45Vo8fxxXFoJy/F4="},"lastRemoteEphemeralKey":"BdEYUaV10Z/WJFKHHIcSU2jCnrF9if87DJQ1ezbU3FNZ","previousCounter":0,"rootKey":"xNcHXEq6uqcQkr5MjLcTGqJSwBvW1PVHoDfiXOYsMa0="},"indexInfo":{"baseKey":"BdKr1EA7KOwa7u0DiADvNQQeBs4eyWf152EQi5lK42Jx","baseKeyType":1,"closed":-1,"used":1717967332706,"created":1717967332706,"remoteIdentityKey":"BRB+Y45qOHNk4mRAJiDFbOhpetFff69VGbPFRBkHsp4F"},"_chains":{"BSr3Y+v4KpCPs1S2pzvFZpBSDS16YzzyZkzgVG4AlNBF":{"chainKey":{"counter":0,"key":"0OobEu0InZ0ndRQkKYN9yTDkoc3DH9NSsZaQ6Klz/fA="},"chainType":1,"messageKeys":{}}},"pendingPreKey":{"signedKeyId":8,"baseKey":"BdKr1EA7KOwa7u0DiADvNQQeBs4eyWf152EQi5lK42Jx","preKeyId":10524628}}},"version":"v1"}