{"_sessions":{"BaoYky1OnDMXoOQcB4SeVtbNPOm4oNgiUCh5N4d+Glop":{"registrationId":812161607,"currentRatchet":{"ephemeralKeyPair":{"pubKey":"BbpEnolT9GSm5e/MqRbo2Dg/HZDjCuvZBMAMFHO5YRZn","privKey":"uPoykxDr2WRDqzfzNjdnWcB5OYLFkweC949/wSvBq2w="},"lastRemoteEphemeralKey":"BfakdWjlW5c8qBQr4oHZWZvFtQ5cD1Gi2uhx6RLtvOl+","previousCounter":0,"rootKey":"l9hSk0Dc347oVBUZpaNp39VYEpDvl3OJqQ42XBW/3xs="},"indexInfo":{"baseKey":"BaoYky1OnDMXoOQcB4SeVtbNPOm4oNgiUCh5N4d+Glop","baseKeyType":1,"closed":-1,"used":1717967332676,"created":1717967332676,"remoteIdentityKey":"BQFz+5MdZ6otLtin36S68xwoc1MSOWwOouw/RRaUHOJg"},"_chains":{"BbpEnolT9GSm5e/MqRbo2Dg/HZDjCuvZBMAMFHO5YRZn":{"chainKey":{"counter":0,"key":"imEhFk9Mnx+R3R/3YbJNoS7HoH/yffchYMs3fWiF7IQ="},"chainType":1,"messageKeys":{}}},"pendingPreKey":{"signedKeyId":0,"baseKey":"BaoYky1OnDMXoOQcB4SeVtbNPOm4oNgiUCh5N4d+Glop","preKeyId":5056212}}},"version":"v1"}