{"_sessions":{"BSBOt3bVO3VZlTPx6kLVJ+BTVqBz6ZEe7eQD2A99q39s":{"registrationId":411382862,"currentRatchet":{"ephemeralKeyPair":{"pubKey":"BZdTIqlkRr5OZYF9wd4j8LLxDTlmo/lHGBHpCtXY51B+","privKey":"EKXm5Pbo+8g9v8VJ84U88BLa69RHjqMAy2yXVmWghXI="},"lastRemoteEphemeralKey":"BaB5FnBGttnUqqW+fyqVtL40wScVf5KPNCA3tvVvXbsX","previousCounter":0,"rootKey":"XjftIrGyJrki8ze2xENQpSCVhMWl7P+6meHEq1TIbNw="},"indexInfo":{"baseKey":"BSBOt3bVO3VZlTPx6kLVJ+BTVqBz6ZEe7eQD2A99q39s","baseKeyType":1,"closed":-1,"used":1717967332621,"created":1717967332621,"remoteIdentityKey":"BVAioj6sdJvh105LIiTQ7JIRtQ81y5NNAwPT77nMzUE4"},"_chains":{"BZdTIqlkRr5OZYF9wd4j8LLxDTlmo/lHGBHpCtXY51B+":{"chainKey":{"counter":0,"key":"Ck7J+hnTHcls6LeEvDSzgkwamkFFwxB+3oWgQEb2Y5Q="},"chainType":1,"messageKeys":{}}},"pendingPreKey":{"signedKeyId":1,"baseKey":"BSBOt3bVO3VZlTPx6kLVJ+BTVqBz6ZEe7eQD2A99q39s","preKeyId":15547423}}},"version":"v1"}