{"_sessions":{"BWHrhNhK3BnEFrQKQwCxddzFxEJfZy2BHY+h+b3d8Lle":{"registrationId":8992,"currentRatchet":{"ephemeralKeyPair":{"pubKey":"BXbDM+S6zZgix3O1hVIstpP3oYLruaKcwcdLFX/u4ssD","privKey":"aGb19/Ne5JNOhQ1SobDfD9bZRxl2O2pmM40LEwCwaG0="},"lastRemoteEphemeralKey":"BVhOeBt2qK2F1bOFQQuI7ngNwVSnArhZSHeEHFUFQboH","previousCounter":0,"rootKey":"6T/QQhp5qri32nDktTWqy7jeeZaOISyKUd8ryxWpeuA="},"indexInfo":{"baseKey":"BWHrhNhK3BnEFrQKQwCxddzFxEJfZy2BHY+h+b3d8Lle","baseKeyType":1,"closed":-1,"used":1717967332565,"created":1717967332565,"remoteIdentityKey":"BWC+TseoYggk44No2u+s4U01Gd0TgRrPUdjg8V3UMqBJ"},"_chains":{"BXbDM+S6zZgix3O1hVIstpP3oYLruaKcwcdLFX/u4ssD":{"chainKey":{"counter":0,"key":"l4l04E7KsMPzD4nR1cHfvRSMPdU6Iks1I7irQHiVbm8="},"chainType":1,"messageKeys":{}}},"pendingPreKey":{"signedKeyId":1,"baseKey":"BWHrhNhK3BnEFrQKQwCxddzFxEJfZy2BHY+h+b3d8Lle"}}},"version":"v1"}