{"_sessions":{"BVX59k1PFFJuIenbzQZxqFRvO/t+8H3XcGpEuuhvIUxw":{"registrationId":9347,"currentRatchet":{"ephemeralKeyPair":{"pubKey":"BbEoNYisn+3ODyQoByPSUHBbyhI7rvwMQAtDSjNmfP9F","privKey":"ELQvOKO5sU7ADD4b9rzPP6Ss4hhpJSR0CyEBLP/bYkw="},"lastRemoteEphemeralKey":"BQCTlWKhKXyI/dV0IdKYKead1pDaTz4rCj4fn8TyPAJ7","previousCounter":0,"rootKey":"oOcQtd2OC79driT6J+Igl+Ygpd5fVHdfX9TBoZK8Kgc="},"indexInfo":{"baseKey":"BVX59k1PFFJuIenbzQZxqFRvO/t+8H3XcGpEuuhvIUxw","baseKeyType":1,"closed":-1,"used":1717574659423,"created":1717574659423,"remoteIdentityKey":"BT2Erk9zU6uu6B1zMOYym7QD2NhvPlzVzuWVcBGwJHED"},"_chains":{"BbEoNYisn+3ODyQoByPSUHBbyhI7rvwMQAtDSjNmfP9F":{"chainKey":{"counter":996,"key":"H0Jf71zQ5SW5hKPAWq39MJDpti+lHe1s/JlmtFNlgEI="},"chainType":1,"messageKeys":{}}},"pendingPreKey":{"signedKeyId":2,"baseKey":"BVX59k1PFFJuIenbzQZxqFRvO/t+8H3XcGpEuuhvIUxw","preKeyId":372}}},"version":"v1"}