{"_sessions":{"Bf7e0SMd57J8Hg0olAx6Km9Biyt0336zyTH57BFPWm9J":{"registrationId":2047826403,"currentRatchet":{"ephemeralKeyPair":{"pubKey":"BfM8lwKdVb+Bxqbs37GWK7aNxN8vC9zIS7NcFB8XBP45","privKey":"iPowvAdeCzjPWatDFPu/NbsUP9PMSZn3r1k6WsYiB1I="},"lastRemoteEphemeralKey":"BV5phQSGp9W2R532M79OEvY5PWqpINMAc4aE1VtVYQ0y","previousCounter":0,"rootKey":"vlj/9yuiY1XURvbagD4xo93uW9FQgV5bnskYUrHA4D0="},"indexInfo":{"baseKey":"Bf7e0SMd57J8Hg0olAx6Km9Biyt0336zyTH57BFPWm9J","baseKeyType":1,"closed":-1,"used":1717967332637,"created":1717967332637,"remoteIdentityKey":"BYzRbrx4z4KW7ZJNGaQTZu3mCsxTmarvUwFk+d0VYF06"},"_chains":{"BfM8lwKdVb+Bxqbs37GWK7aNxN8vC9zIS7NcFB8XBP45":{"chainKey":{"counter":0,"key":"A+u3zmWUX6TpCkFdjTyMnQxHmaMVTl6Y6ESuauSpkew="},"chainType":1,"messageKeys":{}}},"pendingPreKey":{"signedKeyId":0,"baseKey":"Bf7e0SMd57J8Hg0olAx6Km9Biyt0336zyTH57BFPWm9J","preKeyId":5308736}}},"version":"v1"}