{"_sessions":{"BWFdb2xkuFHek+IjUMONKySKxFWRtV512bqMioC6W48K":{"registrationId":15940,"currentRatchet":{"ephemeralKeyPair":{"pubKey":"BdGSl058/utPkkWPGy4rgZTAiBl4WIdIgpS6211FTvg2","privKey":"uOcTF6by2QRzxpQeuaF7LA1a+hmT4VvvJRRqSNJ7P3I="},"lastRemoteEphemeralKey":"BcK1Kz7WLHazv+4gEvRZCNbeyEqumWjQXHGwUaCfE5on","previousCounter":0,"rootKey":"BMv9MQ7JubSIIVSdKX8EF4CpG2hg+hAP/NxKtA9Epew="},"indexInfo":{"baseKey":"BWFdb2xkuFHek+IjUMONKySKxFWRtV512bqMioC6W48K","baseKeyType":1,"closed":-1,"used":1717967332580,"created":1717967332580,"remoteIdentityKey":"BaxCWW5PiHPuVoMEP5iKKEKE/OeMiuDAAwvpZNrcMVQh"},"_chains":{"BdGSl058/utPkkWPGy4rgZTAiBl4WIdIgpS6211FTvg2":{"chainKey":{"counter":0,"key":"oua1RGhmfMP6y7KucZRZiQjzty3qEG76XnqaWspLbNo="},"chainType":1,"messageKeys":{}}},"pendingPreKey":{"signedKeyId":1,"baseKey":"BWFdb2xkuFHek+IjUMONKySKxFWRtV512bqMioC6W48K"}}},"version":"v1"}