{"_sessions":{"BcQNghUwOO8juvY8jLUcGxE8LH27aGJP+ajuE1Jaqbks":{"registrationId":1314018024,"currentRatchet":{"ephemeralKeyPair":{"pubKey":"BQnCRinv48utfEqjkmDzSma8SC8IQWl2pBUQlKv6k2IO","privKey":"QIKy01m429/Xo6KqIF0JiskMPuUAJu+YHTejM9TYMUo="},"lastRemoteEphemeralKey":"BTmbmqyX0YREZ1epEkGDHekhfbB074K6cI8z3WKS0GcE","previousCounter":0,"rootKey":"V3uf7RMQKEpmvlbk0laD5EHVPfMuqTcNgEJQTOKESMA="},"indexInfo":{"baseKey":"BcQNghUwOO8juvY8jLUcGxE8LH27aGJP+ajuE1Jaqbks","baseKeyType":1,"closed":-1,"used":1717967332724,"created":1717967332724,"remoteIdentityKey":"BVDAEnSBdx7PTYSXBCFzCWyZ8dVIX7pYIlUzEzv5HIBe"},"_chains":{"BQnCRinv48utfEqjkmDzSma8SC8IQWl2pBUQlKv6k2IO":{"chainKey":{"counter":0,"key":"kW/buebkzdTIAO5jXkzBjhZ/e8I7RN4UFjykWlmS1iA="},"chainType":1,"messageKeys":{}}},"pendingPreKey":{"signedKeyId":0,"baseKey":"BcQNghUwOO8juvY8jLUcGxE8LH27aGJP+ajuE1Jaqbks","preKeyId":9624310}}},"version":"v1"}