{"_sessions":{"BUfEYQbb0lzPkDKf6iwBPgz9jGsrp2enQj7MWylnjQoa":{"registrationId":839458036,"currentRatchet":{"ephemeralKeyPair":{"pubKey":"BT9Y/SJVWYqZnViW4tRcpZIlfgwDk/8atEP3892xJtAK","privKey":"sOgjCLZJgaE4oQrZH6ixeREyjV+lT+c0TpySHXdX7FY="},"lastRemoteEphemeralKey":"BY2gxNitorlxSDw3PY27BEFrT7NRwOJ3tTUlbmzptuIJ","previousCounter":0,"rootKey":"FuwPrdgxYQ3gLUGWeVxlmzTr6qDhm4Uwa2F7aV8qk0M="},"indexInfo":{"baseKey":"BUfEYQbb0lzPkDKf6iwBPgz9jGsrp2enQj7MWylnjQoa","baseKeyType":1,"closed":-1,"used":1717967332716,"created":1717967332716,"remoteIdentityKey":"BWgTnk8GTSA/vGtqgkdNd25LNZAEqJ+AqpHkPr9E54UW"},"_chains":{"BT9Y/SJVWYqZnViW4tRcpZIlfgwDk/8atEP3892xJtAK":{"chainKey":{"counter":0,"key":"5SR/BnCuMxt2Tc2mZ4NHX7m6nLCJhW4svXJwJccnOPo="},"chainType":1,"messageKeys":{}}},"pendingPreKey":{"signedKeyId":3,"baseKey":"BUfEYQbb0lzPkDKf6iwBPgz9jGsrp2enQj7MWylnjQoa","preKeyId":15540872}}},"version":"v1"}