{"version":2,"hash":{"type":"Buffer","data":"9z1UY/KMp8+n0ajuFCsdHHxM7r40vick3AJ0XusF2VHu9qmfSFVA2Qci8JwGHKk/gakAcfjWktTSOQEZAlrfAiVru7DBoLTPuNt6MIucJvqrxjBs6pDsDp0JWVkhEWxADuhhNhexctxhwHFts9FKx6A7n7Eollf4TCpN/lOFYXI="},"indexValueMap":{"43UCIemRHOMkOBOu6dQPrGHyvSAgqF5zo08MVYwzYzg=":{"valueMac":{"type":"Buffer","data":"IeVStm2xQZedWUEcWSO5uZkezWusWLClFidFv93j+UY="}},"HGws3hDksQ7uk+N1BAdn3ToSKKD4O+/kxDsStlo7o4c=":{"valueMac":{"type":"Buffer","data":"2QEgm1mt+Cnkp5JUBd3MgxOBQS7nME5ymMu47dqtiGc="}},"VtilLsYyhfdZLwnTE+gELso6bJNqpNMVXUUbs+AKxzI=":{"valueMac":{"type":"Buffer","data":"f+5BTCSTUWC5rC9mq7zgcVl2Ofd7MvUM/+qPzh7ijvw="}},"fn6my/Crc4T7ENqSe0BtV89trAbMZPPk0BgrN/b39QA=":{"valueMac":{"type":"Buffer","data":"NRn4leIyQ4fGYae70XWForHZOKO5ZJqkEmbr8G16TtU="}}}}