{"_sessions":{"BZVSILNefkshIv7Fk+RR+VrxUgz6pJqzMEJaELDY+XIJ":{"registrationId":813653585,"currentRatchet":{"ephemeralKeyPair":{"pubKey":"BWdPtdcvKzvpZyVSy8JNH6iAZ5lYd9GKqiomcSbrG7wF","privKey":"GBoczgmqHwyOmdAUJ7xdbQH1mvd1xDHeUREVFvDHgG4="},"lastRemoteEphemeralKey":"BSAxvDMU1zrsYUWlcUrcNHoZ83vi4ZI3SRI7AdI1kTw1","previousCounter":0,"rootKey":"CGtaZ7P4zKyPd2JKvCcwsLutbzjq3VzmtNpHmBuand0="},"indexInfo":{"baseKey":"BZVSILNefkshIv7Fk+RR+VrxUgz6pJqzMEJaELDY+XIJ","baseKeyType":2,"closed":-1,"used":1717734134353,"created":1717734134353,"remoteIdentityKey":"BWMxp/22ohwKaF+jUkHlj2hgsnTH+xVLmBr1F/hpsGIU"},"_chains":{"BSAxvDMU1zrsYUWlcUrcNHoZ83vi4ZI3SRI7AdI1kTw1":{"chainKey":{"counter":1,"key":"YEQrSNCg2fjQo3SUz9hWdcunIuqMFJA4nQ+xCcI1Rus="},"chainType":2,"messageKeys":{}},"BWdPtdcvKzvpZyVSy8JNH6iAZ5lYd9GKqiomcSbrG7wF":{"chainKey":{"counter":-1,"key":"7p0Vbrna1xwBY1wIbwy9dRITf90MkT6JqfnWLiG/A8Y="},"chainType":1,"messageKeys":{}}}}},"version":"v1"}