{"_sessions":{"BaFngl+TeTfuhchSHXDGvo/Vr9AmlfgQJ6T0xzQQSTVL":{"registrationId":1046140009,"currentRatchet":{"ephemeralKeyPair":{"pubKey":"BaLpfCpocFON4KEEolQcezwIKMqDLqQ8d0AGngvt7uYY","privKey":"uLOMesO+sS6NFW9/f8HwjYdPoA3dV54Bgx5bjzW1dV0="},"lastRemoteEphemeralKey":"BUMFo3CY/zmm450kFoIKEv2YgLPTHqHv3MprvwOPXXUj","previousCounter":0,"rootKey":"0tbSnuKnwCbh8BFunitgoDy+5nTdkW0e8OVZ6v5Vurs="},"indexInfo":{"baseKey":"BaFngl+TeTfuhchSHXDGvo/Vr9AmlfgQJ6T0xzQQSTVL","baseKeyType":1,"closed":-1,"used":1717967332660,"created":1717967332660,"remoteIdentityKey":"BbTMgup7KebI5Fb3Q088KnFQ6+e91QpVSmoWUyR/XyJh"},"_chains":{"BaLpfCpocFON4KEEolQcezwIKMqDLqQ8d0AGngvt7uYY":{"chainKey":{"counter":0,"key":"tSOXgBWnt6gPQ1ogm7wMYbE+UOctyXnEPsDqG6aTFno="},"chainType":1,"messageKeys":{}}},"pendingPreKey":{"signedKeyId":19,"baseKey":"BaFngl+TeTfuhchSHXDGvo/Vr9AmlfgQJ6T0xzQQSTVL","preKeyId":16135039}}},"version":"v1"}