{"_sessions":{"BXCXTSwwc44d8O7XgABfOmc0Gli7neGydOlNKPGp3uYf":{"registrationId":65,"currentRatchet":{"ephemeralKeyPair":{"pubKey":"BRJ+owPZUIP7c4zlKSDDJxppjVvP4FsGcCGTcIIG1mIi","privKey":"iPm9tupRRwS9Vj/4FxHbA96CTMAxH+QMbvMuwscXpWg="},"lastRemoteEphemeralKey":"BfWDQeIyEnzWyhpTrBTUtNuQy2R8+w7THhN8DbEmrT9F","previousCounter":0,"rootKey":"YkUgsR7XLEfoqErCcIH0LJrsPPMs5chXseVF2QWSGDk="},"indexInfo":{"baseKey":"BXCXTSwwc44d8O7XgABfOmc0Gli7neGydOlNKPGp3uYf","baseKeyType":1,"closed":-1,"used":1717967332554,"created":1717967332554,"remoteIdentityKey":"BTLPsLQ+lu2LbQikx3TcAt4gmm3cZfDiR5NHIrfzDp1A"},"_chains":{"BRJ+owPZUIP7c4zlKSDDJxppjVvP4FsGcCGTcIIG1mIi":{"chainKey":{"counter":0,"key":"FQNyIWXVY5mWioy5EJY15d7BN+CjPDXFFcvQYT8ibds="},"chainType":1,"messageKeys":{}}},"pendingPreKey":{"signedKeyId":1,"baseKey":"BXCXTSwwc44d8O7XgABfOmc0Gli7neGydOlNKPGp3uYf"}}},"version":"v1"}