{"_sessions":{"BfrIbQWU4cpFnvIqY5EIKMAeTr1Qjb9yIdgjzPXvDV5x":{"registrationId":1175730119,"currentRatchet":{"ephemeralKeyPair":{"pubKey":"BVLNNDeo5qiPumjOw25sE3qcH0Qrxg0bAgn/23NagaJ8","privKey":"KGarg9Xl6vOn2favGvjERghkI2dEfN8o/SUX/gycNmA="},"lastRemoteEphemeralKey":"BRzKB10bP1IBhCDcFT8PRT6KvoS7ECSvivEn5oxsHZFD","previousCounter":0,"rootKey":"vXPFwx/C3vnFFVp6AkZcaV4cqWKBpQYPD8egE3EYNUM="},"indexInfo":{"baseKey":"BfrIbQWU4cpFnvIqY5EIKMAeTr1Qjb9yIdgjzPXvDV5x","baseKeyType":1,"closed":-1,"used":1717967332711,"created":1717967332711,"remoteIdentityKey":"BX15CkU76obIEGFyJtD+Ix3D4glUz6vsHwnSppik7MpK"},"_chains":{"BVLNNDeo5qiPumjOw25sE3qcH0Qrxg0bAgn/23NagaJ8":{"chainKey":{"counter":0,"key":"lzr3PrwF07EIxW1bB5EbHQT3hhebxk2FNIRo9rcZ0Ic="},"chainType":1,"messageKeys":{}}},"pendingPreKey":{"signedKeyId":16,"baseKey":"BfrIbQWU4cpFnvIqY5EIKMAeTr1Qjb9yIdgjzPXvDV5x","preKeyId":6886527}}},"version":"v1"}