{"_sessions":{"BSsLl4tGnTAnk3VLVslUAGVC5mQ7CRYNXh8IjPgf0C4n":{"registrationId":141,"currentRatchet":{"ephemeralKeyPair":{"pubKey":"BcJLOXki3ZaOZBBTXViJKuvksYLg3/gi5nm/EMeTK14y","privKey":"qLgM1ADgmcKNe+ZCgUjGmCErZhjV+Rr3X0PFNlcKgU0="},"lastRemoteEphemeralKey":"BQ2pFGziEwTh5G/j4YAm8Kv+15sAbkix753VTViYr1Uc","previousCounter":0,"rootKey":"LybptP8e3MDn7PquUZxCUywgf0I3BRmfmTbWfAe2vg8="},"indexInfo":{"baseKey":"BSsLl4tGnTAnk3VLVslUAGVC5mQ7CRYNXh8IjPgf0C4n","baseKeyType":1,"closed":-1,"used":1717967332593,"created":1717967332593,"remoteIdentityKey":"BQ6zFV0MsTX1J+Y63DI5KULGBcV3DeWPaVaWbdK7XPo5"},"_chains":{"BcJLOXki3ZaOZBBTXViJKuvksYLg3/gi5nm/EMeTK14y":{"chainKey":{"counter":0,"key":"lkvF67mvZ6kZGlm2bSgM120lrWgXyehAQDqhsqV2Gh4="},"chainType":1,"messageKeys":{}}},"pendingPreKey":{"signedKeyId":1,"baseKey":"BSsLl4tGnTAnk3VLVslUAGVC5mQ7CRYNXh8IjPgf0C4n"}}},"version":"v1"}