{"_sessions":{"BTTWa8vZG9CoFhDVwOCqFJvAal7XjNeKkT1QDsCtwFNh":{"registrationId":517488955,"currentRatchet":{"ephemeralKeyPair":{"pubKey":"BdYETnMO27M3iFTIJBeKvcw2/ZNwC187ga+Cr54xdBVC","privKey":"OPiImIl22sOAYSoNXrfvcUIRWaoRUBA/CIsGT4Wwx10="},"lastRemoteEphemeralKey":"Ba6hZgbc4nZmL4aqkuDBMYmyZqrkbvDyGw1K1di4Fb8n","previousCounter":0,"rootKey":"TY3kEjLLHUad94sxNQd5BY9WiCkX8kyJY/ORgWgAUuA="},"indexInfo":{"baseKey":"BTTWa8vZG9CoFhDVwOCqFJvAal7XjNeKkT1QDsCtwFNh","baseKeyType":1,"closed":-1,"used":1717967332677,"created":1717967332677,"remoteIdentityKey":"BWp+pscGUYYVWqUeJ3SBm9BNelAjps7tZ5hQCUQd50Ic"},"_chains":{"BdYETnMO27M3iFTIJBeKvcw2/ZNwC187ga+Cr54xdBVC":{"chainKey":{"counter":0,"key":"2IIIOxiqbvvU7u2OljQzoI5Siae8kiCdIMZzsrjSOWc="},"chainType":1,"messageKeys":{}}},"pendingPreKey":{"signedKeyId":2,"baseKey":"BTTWa8vZG9CoFhDVwOCqFJvAal7XjNeKkT1QDsCtwFNh"}}},"version":"v1"}