{"_sessions":{"Bb5Tu/jx9TdBZAeTB9J+GAEIgU4qdT7RD3ylvcst7C87":{"registrationId":15710895,"currentRatchet":{"ephemeralKeyPair":{"pubKey":"BcTuvjZMAAZwmAAOsuXWwYsGwMcjTGVU/RCZjnTMkpMw","privKey":"0Id4QzOYiH8j8ee1UflPnQEYemmpJ4gS6U/Lf6hKm0A="},"lastRemoteEphemeralKey":"Bfdy75+z5SezX0SZ5YfID/ZmHU8H8g3SFgKZVXQ04B9j","previousCounter":0,"rootKey":"yWiTIoRdZ8RybYFzN8xgSIRQ3rUXH7WIgyO/Vkc5gNc="},"indexInfo":{"baseKey":"Bb5Tu/jx9TdBZAeTB9J+GAEIgU4qdT7RD3ylvcst7C87","baseKeyType":1,"closed":-1,"used":1717967332618,"created":1717967332618,"remoteIdentityKey":"BQVHcK1RTJhwOWaH2KwHqp7TYlhzoxOhlMnlLl4/CyVg"},"_chains":{"BcTuvjZMAAZwmAAOsuXWwYsGwMcjTGVU/RCZjnTMkpMw":{"chainKey":{"counter":0,"key":"x0NB7v8gHJ919enpk/Mn8rRrYFLGmxyFgTFb4MoZ2AY="},"chainType":1,"messageKeys":{}}},"pendingPreKey":{"signedKeyId":6,"baseKey":"Bb5Tu/jx9TdBZAeTB9J+GAEIgU4qdT7RD3ylvcst7C87","preKeyId":137674}}},"version":"v1"}