{"_sessions":{"BUiAREehnBboqDnwSP+0RCyp8lKnQYerFM19PhTBqFFi":{"registrationId":1006182992,"currentRatchet":{"ephemeralKeyPair":{"pubKey":"BR1KkQ/XVzTMTtN7b3ml9noTBXFDMcsjIHqlOCFxa5Vx","privKey":"uEIWrQq09zOAKN+uwN3xSgVEIyrtGSYM5nYjA+J3fXo="},"lastRemoteEphemeralKey":"BUhLggq82NLkm8KUV4GsEoZdisYhEqZHYfyNuJrqDHAz","previousCounter":0,"rootKey":"44xlv814ohwBYHi4txwjkF8+Ij7LRXLRizn74v/8Da0="},"indexInfo":{"baseKey":"BUiAREehnBboqDnwSP+0RCyp8lKnQYerFM19PhTBqFFi","baseKeyType":1,"closed":-1,"used":1717967332651,"created":1717967332651,"remoteIdentityKey":"BQu7GQZO2Q85gcl9gxz5Rg6VAmppjGAIPzTIs9iBp3Ae"},"_chains":{"BR1KkQ/XVzTMTtN7b3ml9noTBXFDMcsjIHqlOCFxa5Vx":{"chainKey":{"counter":0,"key":"BtAQnXEY8NZIcI2Zntr9YTBXddt4tdB4EOst62h/BgI="},"chainType":1,"messageKeys":{}}},"pendingPreKey":{"signedKeyId":0,"baseKey":"BUiAREehnBboqDnwSP+0RCyp8lKnQYerFM19PhTBqFFi"}}},"version":"v1"}