{"_sessions":{"BbURKO3kk5ozsIpzecmkN1o839xPOwQUAzN/Jbe5Oy5a":{"registrationId":102694539,"currentRatchet":{"ephemeralKeyPair":{"pubKey":"BchKlcpK89jn7e7JeBg15Sl/nE0/358jxlCI76SiVzVy","privKey":"sLGzlrmuBbmHRaVE2nRHD1+aihxpRHUBWbhPjgE9FFY="},"lastRemoteEphemeralKey":"BfvgDZFTU7hfzKe8NZGejPSktHsqnLx2/n1X0cJZ0Mgc","previousCounter":0,"rootKey":"YBY5HuATsGjJfIF8+siyWKgx+rPGpfoDKZH5N/DMZlw="},"indexInfo":{"baseKey":"BbURKO3kk5ozsIpzecmkN1o839xPOwQUAzN/Jbe5Oy5a","baseKeyType":1,"closed":-1,"used":1718085539971,"created":1717574659429,"remoteIdentityKey":"BSX1/Mq7SAjbJ+uy9oCvSaosHr/+UNyFYLHqWQbpxTsv"},"_chains":{"Bf7Q3I6os7m83sJY4ZSGaky7KBOU1HApF4QLTt2n+l0z":{"chainKey":{"counter":2},"chainType":2,"messageKeys":{}},"BZQX7QHdHKJm/xDg1CfnhQo6GTRdEpLBw+ONIsrOaZcH":{"chainKey":{"counter":1},"chainType":2,"messageKeys":{}},"BSxiva9R0jNYCgNNitMfXAO9oXT08Fud5p/pHsmsQkNl":{"chainKey":{"counter":1},"chainType":2,"messageKeys":{}},"BR+P9glfeqeTtJU4WkSSdTJ4NjEWSu0je/B9W8RB0mQq":{"chainKey":{"counter":0},"chainType":2,"messageKeys":{}},"BYs2L7nb0QR6kFbBpZpS2JO/ph3QWFqjZs1Kr3+/jn5O":{"chainKey":{"counter":0},"chainType":2,"messageKeys":{}},"BbhXMe9atsnk3EeZ7ijnr8NSj3HuS/0tZNXKpNdTKxV8":{"chainKey":{"counter":1},"chainType":2,"messageKeys":{}},"Bcme43H2lwVxtIw7TKrBG7JPYjwR3Xub6EkdVl3mGZd5":{"chainKey":{"counter":0},"chainType":2,"messageKeys":{}},"BehEA5HBo19J8zSdLFWMh26jlSS7ZLOZC5ZmZ8tf2DNT":{"chainKey":{"counter":1},"chainType":2,"messageKeys":{}},"BQlR1Tj4825qFUGdlQc4rRT4NgQaddSdeUE28pBMDyQu":{"chainKey":{"counter":2},"chainType":2,"messageKeys":{"0":"RbO3kk2zkiz+LgleV5Al6xnLw98LzBZrCvbcKO6PGMI="}},"BVPcuAPZG/vlmYVIt9ta6aCisG1nqkGcjRZ5sMMr+HVo":{"chainKey":{"counter":1},"chainType":2,"messageKeys":{}},"BQZs1sTialN4vZhbNfsDy4SwXOENL1BLylyZgWUPu5pS":{"chainKey":{"counter":1},"chainType":2,"messageKeys":{}},"BSGF4Kmthg//0cH+i6B3TC484iJFQcCzRdAB7JLcPXUZ":{"chainKey":{"counter":0},"chainType":2,"messageKeys":{}},"BZ3HMo68HZYLoqibVndMP35gKEbdYfebdQZby2+u0ptB":{"chainKey":{"counter":0},"chainType":2,"messageKeys":{}},"BQCn0J/Ovag/5J9+FK2s+Hs8aG3GgNpwyzKIgEo6GQRK":{"chainKey":{"counter":0},"chainType":2,"messageKeys":{}},"BRxHp3LstgXUpT1ex+gDp0pNmVnWbM0xz+Neb6XgO15/":{"chainKey":{"counter":0},"chainType":2,"messageKeys":{}},"BejDwDG0OQTK0bhV+YnYlwRGW6dZxHtAWda0y25JySJO":{"chainKey":{"counter":0},"chainType":2,"messageKeys":{}},"BVoyOpb2fFwkIptDAzMmHjD5ESyXEWUnjYDKxmrZ8PEx":{"chainKey":{"counter":0},"chainType":2,"messageKeys":{}},"Bdg8v7Vh5Rz/2gTYtD9wEZcGCmN3fVaIdcM44kHlT/oN":{"chainKey":{"counter":0},"chainType":2,"messageKeys":{}},"Bc8jo4jPga9zh05jdlbwuizP1B0Jk0fOPmWpX8UZDiR2":{"chainKey":{"counter":0},"chainType":2,"messageKeys":{}},"BU2KVer7ouKJqde3L5txiIx+IdqoAvQwrgI3SR3nn3U8":{"chainKey":{"counter":0},"chainType":2,"messageKeys":{}},"Beh2aJwjKPihIytnv9r9N1gTVMBuzQUlc/Ij/1pbKQUs":{"chainKey":{"counter":0},"chainType":2,"messageKeys":{}},"BXyI1nreFJvc69G611VG+o4WDP5PANQoNjrd8EhoFNNj":{"chainKey":{"counter":0},"chainType":2,"messageKeys":{}},"BdQ/k2qReRx2NMAoKmKcZBjS8ktKs1qDyX2EZuxE79VZ":{"chainKey":{"counter":0},"chainType":2,"messageKeys":{}},"Bfiu/qLrs2vHV0Huldr039h1GerKmP8RaPTx51rcSscF":{"chainKey":{"counter":0},"chainType":2,"messageKeys":{}},"BaLOfo7JE6pOWlHbDO9zzqgfeM42fBGvpYb+ILuRV4Qx":{"chainKey":{"counter":0},"chainType":2,"messageKeys":{}},"BT4c9LentaFvtjJN/Pm+xlXhOq5TdCA/6By8XPvdtnUU":{"chainKey":{"counter":0},"chainType":2,"messageKeys":{}},"BXEr/Jot8i8i1117t1FKNqdO1LPai5C005B9jhvOlZ8D":{"chainKey":{"counter":0},"chainType":2,"messageKeys":{}},"BYyXXxwkqsJYr7gCcZi6N0wWnv/GKcyse5tpcWsAp9B+":{"chainKey":{"counter":1},"chainType":2,"messageKeys":{}},"BSlj75f4RwKbf3iqgEPh8/f+CeQj/aB7QzhVGdwstGZo":{"chainKey":{"counter":1},"chainType":2,"messageKeys":{}},"BRirQmp/NVUtF6GjJCJIHn2+VYTUp+ZOJ08agNAFd68o":{"chainKey":{"counter":0},"chainType":2,"messageKeys":{}},"BQSwK3qd/WjV6UMg7gHUuZiIY9rIFaAlZ5HzkHjEnpdh":{"chainKey":{"counter":0},"chainType":2,"messageKeys":{}},"BRGsvLPx10IvYT0SEei23zh1ZCXAgA1XNnCCfX8ZTo8Z":{"chainKey":{"counter":0},"chainType":2,"messageKeys":{}},"BY41sBPWURMmYsDP6sYVBGVNbH7gbzYLcEBT8+4WjPUw":{"chainKey":{"counter":0},"chainType":2,"messageKeys":{}},"BQYcYxKF/T+J+qRB6JIoLRuBZHQ3sR95Kz83zIJZEuQl":{"chainKey":{"counter":0},"chainType":2,"messageKeys":{}},"BcIYqf+3G+sR/N0jU61d2UMEQ6Ky6focW9nZZu9n0Psy":{"chainKey":{"counter":0},"chainType":2,"messageKeys":{}},"BWQqe6x3VKIZk92xJ42TPXMs1mfqLwn8dXOSh+lAqccE":{"chainKey":{"counter":0},"chainType":2,"messageKeys":{}},"BXDcynnIzwOlazk24aJ4M4ab4pL4WJ+TdpvNUGdjDQZr":{"chainKey":{"counter":0},"chainType":2,"messageKeys":{}},"BSWt6xqEQzTYckLMurwQCoBlhbpe24Au2QhGb+uNK+lJ":{"chainKey":{"counter":0},"chainType":2,"messageKeys":{}},"BYiVRm8WbaQLBomh4I5J+sLTgVijhwq52kXh+pIkOZsa":{"chainKey":{"counter":0},"chainType":2,"messageKeys":{}},"BTlyEWAMu8F1BjYZl5TJuHzjVbTadwd2XBXNDS4CQGE0":{"chainKey":{"counter":0},"chainType":2,"messageKeys":{}},"BRv53Qw0sPRN4dL/D609KKfH0YppZgvo8NGMVOtyeUoW":{"chainKey":{"counter":0},"chainType":2,"messageKeys":{}},"BU90HxK88S9DMJ+oPQXDIgdk9oK74BWZVHQwPiEPlzk9":{"chainKey":{"counter":0},"chainType":2,"messageKeys":{}},"BZGzcPAArYk4N4ZfBopTtqWzvYYjJjZcNJ9qaxnrFiQm":{"chainKey":{"counter":0},"chainType":2,"messageKeys":{}},"BcCsx+GINKuf+9wWFXCi8X3n7mLrVwseE2jJdzmMnYIL":{"chainKey":{"counter":0},"chainType":2,"messageKeys":{}},"Bc/TCZjCUtaIzZs+Asco1oN2otU/Fz2XFvR9NGUULjcm":{"chainKey":{"counter":1},"chainType":2,"messageKeys":{}},"BbgK7ZQoStBt8FiAO/P0NBcM8qvE8EBnxtwGzGJEJPRh":{"chainKey":{"counter":0},"chainType":2,"messageKeys":{}},"BcqU7gH4X2e4wbKgkwwmS8FEQJdV1YQuMx1DfAL0MDV+":{"chainKey":{"counter":0},"chainType":2,"messageKeys":{}},"BVionRL+YyXUbYnrpB8fdudXkTF1sTFgbqq+67xQ1G9v":{"chainKey":{"counter":1},"chainType":2,"messageKeys":{}},"BWQ+xolofyCoeSWTxxnOVRCPcbXorovtvhceUnHnfLFC":{"chainKey":{"counter":0},"chainType":2,"messageKeys":{}},"BaFcl2OSLQfmSeMCoUQUzWjoMQ4KPAtS55GB5Oie+g8v":{"chainKey":{"counter":1},"chainType":2,"messageKeys":{}},"BT5WTxUQtInum/R+KEbuQfOobC8S7IjYF0cmUv3FBNhp":{"chainKey":{"counter":3},"chainType":2,"messageKeys":{}},"BUvNCgzWI+L7rFrFbuW0jdJFIZjBKmMqXMCmygdinKp+":{"chainKey":{"counter":8},"chainType":2,"messageKeys":{}},"BVIsDRj9Lmz+/x2THMj9iFqMMZt6SC/9Np+8zP/ka2li":{"chainKey":{"counter":0},"chainType":2,"messageKeys":{}},"BdRwj4aWuJjcupHYou1uK1eL4a4h+syex/cllkuVkoUr":{"chainKey":{"counter":2},"chainType":2,"messageKeys":{}},"BXrTPFbL3Bx448jr1vLH2mCeqNkjmhaPbKKUDWdw29Vn":{"chainKey":{"counter":0},"chainType":2,"messageKeys":{}},"BSWe7AKQtlWuX9QaVQjGWwltnZsdLLh5jbmBlm6f52lh":{"chainKey":{"counter":2},"chainType":2,"messageKeys":{}},"BaHOl1/lqEFxl3p5kFS0taeF4k0vG75UUIhaWgMUTq5N":{"chainKey":{"counter":1},"chainType":2,"messageKeys":{}},"BWIZk1nLeneUOOGG7oEgYDoNBjAuy6b0MIH0tyEGfvcp":{"chainKey":{"counter":1},"chainType":2,"messageKeys":{}},"BTB39X9Dy5HgNolw2KI2TlVcQACerVNvIDbP6YPc6lMf":{"chainKey":{"counter":1},"chainType":2,"messageKeys":{}},"BUWkft7h7/yP/rnwtSCg3wT8RQnxt1itMb0z0W84bKhx":{"chainKey":{"counter":1},"chainType":2,"messageKeys":{}},"BRBg9OpCa6prUf/rV0sQCCjfp0maN7+7T+FsK0oqn4JX":{"chainKey":{"counter":0},"chainType":2,"messageKeys":{}},"BfvgDZFTU7hfzKe8NZGejPSktHsqnLx2/n1X0cJZ0Mgc":{"chainKey":{"counter":1,"key":"rvhXv2sMcz8quvmo595cZ9SwEMXpWgi/gghbSgB8IoA="},"chainType":2,"messageKeys":{}},"BchKlcpK89jn7e7JeBg15Sl/nE0/358jxlCI76SiVzVy":{"chainKey":{"counter":-1,"key":"VBh2vy9w7BpR6XLSXI8qhJ0idWvD62NeeN5ECvTyw9A="},"chainType":1,"messageKeys":{}}}}},"version":"v1"}