{"_sessions":{"BVSgFupmKSG897nGFmyIDRB8TPtnT6eFikPKsD+JKVAd":{"registrationId":1400838892,"currentRatchet":{"ephemeralKeyPair":{"pubKey":"BaXCaMLOmP/peDM7mrtY5h0RLNR2uEARypqlTeikMmtS","privKey":"4NtcqgrkoQzBZmwbOTn0ByUP/GKWqcXdCvt+X70F31o="},"lastRemoteEphemeralKey":"Bb9xzJPMF8o3j0oLpk9bT+SXBaQ4Kzf358FazIbj7fRn","previousCounter":0,"rootKey":"0kIRKuu85FtBZLR27NvZB2i44nw7RiJgOdlQbgCtU04="},"indexInfo":{"baseKey":"BVSgFupmKSG897nGFmyIDRB8TPtnT6eFikPKsD+JKVAd","baseKeyType":1,"closed":-1,"used":1717967332654,"created":1717967332654,"remoteIdentityKey":"BZUs/4TIcVusx8YAHoJVAgGoFucWLFwO5dBFPW/sk5Rq"},"_chains":{"BaXCaMLOmP/peDM7mrtY5h0RLNR2uEARypqlTeikMmtS":{"chainKey":{"counter":0,"key":"jXkn7eZNu/2+xPnUo3nLanHqxguUHkm5ghjO3+oVeE0="},"chainType":1,"messageKeys":{}}},"pendingPreKey":{"signedKeyId":0,"baseKey":"BVSgFupmKSG897nGFmyIDRB8TPtnT6eFikPKsD+JKVAd","preKeyId":989926}}},"version":"v1"}