{"_sessions":{"BUlGVNaeAB6RXyuxK285catm8kq4bIS9Gt+zoOwIWGBp":{"registrationId":2011522314,"currentRatchet":{"ephemeralKeyPair":{"pubKey":"BfT6B3GWumjOk1oxROp0FWE1AQhvk4jF80wR3pfEVTUi","privKey":"KExqBuOyxxMDBEzTBfc7Kt+ONI0Xb0DJfyg/9vZt2X8="},"lastRemoteEphemeralKey":"BeES53V9O0c1M9iCZA0FQSge/XshPCvFqGcJnrJM51IE","previousCounter":0,"rootKey":"nHTVy8MjGVNp9CzufYdOD61gpMHsyrRSF8rfGbQcw6c="},"indexInfo":{"baseKey":"BUlGVNaeAB6RXyuxK285catm8kq4bIS9Gt+zoOwIWGBp","baseKeyType":1,"closed":-1,"used":1717967332718,"created":1717967332718,"remoteIdentityKey":"BVOTbPk62sPYxdqaqukSrBlryXerfJa0pEecwT4efD4X"},"_chains":{"BfT6B3GWumjOk1oxROp0FWE1AQhvk4jF80wR3pfEVTUi":{"chainKey":{"counter":0,"key":"kaKRAQk8A5d9rTQbL7EYl7tStiu2L85mwk+3UjLyfXo="},"chainType":1,"messageKeys":{}}},"pendingPreKey":{"signedKeyId":11,"baseKey":"BUlGVNaeAB6RXyuxK285catm8kq4bIS9Gt+zoOwIWGBp","preKeyId":11527933}}},"version":"v1"}