{"_sessions":{"BfiOuut3xTJB1o6+mWq0DZIwznBA+6IzR0jdH2FfuKwG":{"registrationId":130912056,"currentRatchet":{"ephemeralKeyPair":{"pubKey":"BWcK+UYfg7YQmOBKOmgL8Vl1d3u7iskNtA+AOEfuLuZq","privKey":"aHsIl3RqyhZIJqzP6+4VXgodbIEfSVvhwidBFWh73Xg="},"lastRemoteEphemeralKey":"BZAF8HZB3Qi1LVRXH+8q/iRq8pgKo1n9UsHg0dRtCSg0","previousCounter":0,"rootKey":"GuVDtie4x4ky3IvFhNpZvOvDqynSSrjucTL0YP7bqR4="},"indexInfo":{"baseKey":"BfiOuut3xTJB1o6+mWq0DZIwznBA+6IzR0jdH2FfuKwG","baseKeyType":1,"closed":-1,"used":1717967332704,"created":1717967332704,"remoteIdentityKey":"BXA6eYlFU3ygH169AF+gP5Ke5+IITeKrBk+afNsBmUh7"},"_chains":{"BWcK+UYfg7YQmOBKOmgL8Vl1d3u7iskNtA+AOEfuLuZq":{"chainKey":{"counter":0,"key":"TyeNRlNH+oIcyFx7OXwnhnDG223/swdGU/7ZzjIz/LQ="},"chainType":1,"messageKeys":{}}},"pendingPreKey":{"signedKeyId":1,"baseKey":"BfiOuut3xTJB1o6+mWq0DZIwznBA+6IzR0jdH2FfuKwG","preKeyId":9238715}}},"version":"v1"}