{"_sessions":{"BckxE54Q8eVg5+MG663Qoae2Hva9MfRoHjzhxHdsqBsR":{"registrationId":356610405,"currentRatchet":{"ephemeralKeyPair":{"pubKey":"BZCL0+cEODEgSQcvLyUYZ5N9vwXiUANdRLlRb9FNzxtD","privKey":"oJO6BL+n5V6D5NiYmGJ7cMRH8R1seUR0Taq5JzRY7E8="},"lastRemoteEphemeralKey":"BfDHM/nAezAw4qFkkHSRZ/hs4ubsrgNynJoZo8iEUwgV","previousCounter":0,"rootKey":"PLyhXKNkDWB3EkVmJfTvLYr/zPmOXLTHJl1aNokit8k="},"indexInfo":{"baseKey":"BckxE54Q8eVg5+MG663Qoae2Hva9MfRoHjzhxHdsqBsR","baseKeyType":1,"closed":-1,"used":1717967332645,"created":1717967332645,"remoteIdentityKey":"BY+V6PwIJHiSTnSpbqBT7ZfU59oO+WnuYkb4jDfPoV9O"},"_chains":{"BZCL0+cEODEgSQcvLyUYZ5N9vwXiUANdRLlRb9FNzxtD":{"chainKey":{"counter":0,"key":"pdU0dIBhJBU3GhyzsIjFBM3oLjKWixOjI+kFG+Fenpk="},"chainType":1,"messageKeys":{}}},"pendingPreKey":{"signedKeyId":7,"baseKey":"BckxE54Q8eVg5+MG663Qoae2Hva9MfRoHjzhxHdsqBsR","preKeyId":8782521}}},"version":"v1"}