{"_sessions":{"BXIxB8LeKOBd3Xn6+83s4ujp3mDVoz/CeQcHAMcpVGh2":{"registrationId":402066314,"currentRatchet":{"ephemeralKeyPair":{"pubKey":"BbmqMvAyu9iWZPTAjJX4EhlVwchyPMA2AQshK2DLtrBg","privKey":"SHLnCQRa30G8i2kvuKdpwAAVLhRxhaQGs40CrEHJbF0="},"lastRemoteEphemeralKey":"BQz9ssAPpqtA7vooRzcr+bkufKyJfnPNeMQXoIk68aAR","previousCounter":0,"rootKey":"+5vFU2s0PyHUNoHA1I6jykpoPbbANuMflst7Io51oQM="},"indexInfo":{"baseKey":"BXIxB8LeKOBd3Xn6+83s4ujp3mDVoz/CeQcHAMcpVGh2","baseKeyType":1,"closed":-1,"used":1717967332634,"created":1717967332634,"remoteIdentityKey":"Bd+EuecfvNHkS8dHqjXnbTOcl2fbzYSQA3LNWcKhyYE/"},"_chains":{"BbmqMvAyu9iWZPTAjJX4EhlVwchyPMA2AQshK2DLtrBg":{"chainKey":{"counter":0,"key":"z5xRt3v7kQYtw97LxnGIrzbPTe48WFNBjds3cO7XmY4="},"chainType":1,"messageKeys":{}}},"pendingPreKey":{"signedKeyId":2,"baseKey":"BXIxB8LeKOBd3Xn6+83s4ujp3mDVoz/CeQcHAMcpVGh2","preKeyId":705264}}},"version":"v1"}