{"_sessions":{"BW6mVhog2qN1aPptuts6oDZtFx7FBo9EPb6jgn6Qsch5":{"registrationId":250,"currentRatchet":{"ephemeralKeyPair":{"pubKey":"Bf3TFOCkdEDZyrotyQTiHrdLxiJAUjhFPLxcqiwcjX8s","privKey":"cKfrACt6I8inEg95WwJG7RIMLP2QgfY2LcWN6PM6aks="},"lastRemoteEphemeralKey":"BSaAAttthi597DkKwTo90IfiEbIovvMd9WDAkbaXcDYB","previousCounter":0,"rootKey":"S2k3dXbV/uOGo/vihG01GMsGJ+jfSp0uWVU8eiD/Uu4="},"indexInfo":{"baseKey":"BW6mVhog2qN1aPptuts6oDZtFx7FBo9EPb6jgn6Qsch5","baseKeyType":1,"closed":-1,"used":1717967332604,"created":1717967332604,"remoteIdentityKey":"BaWVFVOl4lTfw9ZmtgztNoCb3jZOLxso0cijVzzqZPAf"},"_chains":{"Bf3TFOCkdEDZyrotyQTiHrdLxiJAUjhFPLxcqiwcjX8s":{"chainKey":{"counter":0,"key":"SJrO929+rjh5W6HSyDesv+lx59uoa1pMIQEQJL8Djhc="},"chainType":1,"messageKeys":{}}},"pendingPreKey":{"signedKeyId":1,"baseKey":"BW6mVhog2qN1aPptuts6oDZtFx7FBo9EPb6jgn6Qsch5"}}},"version":"v1"}