{"_sessions":{"BSqdF7XRqAE/AB3ZDMxZgcDD5B5Ez+XSt3+k4j2MHLoe":{"registrationId":1780267778,"currentRatchet":{"ephemeralKeyPair":{"pubKey":"Bc7y5/5vTb8H1f7s0L2jLicqc733xSo+XE0T3h5q7WAx","privKey":"4GT8dbFnBw+ptiCQt6skNHM41LT1cR2qIPvT381cEXY="},"lastRemoteEphemeralKey":"BY767HINEhc5dvH/K+Oqeag0jTot/4hwM2v9+2SJZeEY","previousCounter":0,"rootKey":"hBtkp8Xg1+NBJfrVPOmycjKVSYLa5BExZM7UuhuZEFM="},"indexInfo":{"baseKey":"BSqdF7XRqAE/AB3ZDMxZgcDD5B5Ez+XSt3+k4j2MHLoe","baseKeyType":1,"closed":-1,"used":1717967332693,"created":1717967332693,"remoteIdentityKey":"BXaUT4N8QtAITugYxlvB8cjvLK32vqaJ/MPDF1gxnecB"},"_chains":{"Bc7y5/5vTb8H1f7s0L2jLicqc733xSo+XE0T3h5q7WAx":{"chainKey":{"counter":0,"key":"lcPxcGX0pVHrBuhGBkZR4Sy1vpWx41MspluFp7lk3ZI="},"chainType":1,"messageKeys":{}}},"pendingPreKey":{"signedKeyId":1,"baseKey":"BSqdF7XRqAE/AB3ZDMxZgcDD5B5Ez+XSt3+k4j2MHLoe","preKeyId":4433687}}},"version":"v1"}