{"_sessions":{"BQTmGj/p3kZTskqBImexPMcYirbmPD21HYCbJHdtXAkj":{"registrationId":378490637,"currentRatchet":{"ephemeralKeyPair":{"pubKey":"BXfBL1uS4jssddLXAvXUA4ZEYPsNY8mXR5A+5ucBhQp9","privKey":"CER8ajZUBaqjP7CwTZZ/TvU5KVJhUFwLKSwQdietQ3g="},"lastRemoteEphemeralKey":"BVMTQeD6G4QXq3tUQgDlTwwn5LKL/cpn7WmvESd6gNZp","previousCounter":0,"rootKey":"3ArWE3344x8rvaeuYqAJwHyl4OldzPYJQt+eKZKmM0U="},"indexInfo":{"baseKey":"BQTmGj/p3kZTskqBImexPMcYirbmPD21HYCbJHdtXAkj","baseKeyType":1,"closed":-1,"used":1717967332727,"created":1717967332727,"remoteIdentityKey":"BdL79eKH7WAKbor9jnGzJg/U/m8LGdNsD4chD6S8iwZb"},"_chains":{"BXfBL1uS4jssddLXAvXUA4ZEYPsNY8mXR5A+5ucBhQp9":{"chainKey":{"counter":0,"key":"nUPaDNI9X/L0qR/zQKqN6iqsE3HG7sMfVLbLfcoVcVA="},"chainType":1,"messageKeys":{}}},"pendingPreKey":{"signedKeyId":3,"baseKey":"BQTmGj/p3kZTskqBImexPMcYirbmPD21HYCbJHdtXAkj","preKeyId":13085442}}},"version":"v1"}