{"_sessions":{"BYN7Lvbmrkv8wiR71CIDTh6yNPtcmZQA4/P9Z6YtUZNE":{"registrationId":2136186498,"currentRatchet":{"ephemeralKeyPair":{"pubKey":"BS6YWcUAi0i/+W8apb+yQKFXmxOzvcjH0h4xAkYyPh1E","privKey":"oNu9bPoHF0+qmXnwdcCM2e0oHJzCqabXUV4R3N2xKGM="},"lastRemoteEphemeralKey":"BQMyf0+HAeSoZ1YN7KWZgFQsYlM/AbgMKy5/UdtgfN1e","previousCounter":0,"rootKey":"eO1qUaYXw+eRN6LNeDmlTtAnTPehL0X48jLid6gWrFM="},"indexInfo":{"baseKey":"BYN7Lvbmrkv8wiR71CIDTh6yNPtcmZQA4/P9Z6YtUZNE","baseKeyType":1,"closed":-1,"used":1717967332680,"created":1717967332680,"remoteIdentityKey":"Bb2dlAIUtWJdTyIaNrtRsY0UZZlSUyoflP3OCp7m/1hy"},"_chains":{"BS6YWcUAi0i/+W8apb+yQKFXmxOzvcjH0h4xAkYyPh1E":{"chainKey":{"counter":0,"key":"MRDIIxsa4qf3C7dW7oM+lUd1Eiuu8iavIKASxYEYOn0="},"chainType":1,"messageKeys":{}}},"pendingPreKey":{"signedKeyId":8,"baseKey":"BYN7Lvbmrkv8wiR71CIDTh6yNPtcmZQA4/P9Z6YtUZNE","preKeyId":15923702}}},"version":"v1"}