{"_sessions":{"BZkJCn2HPGPbH6GWMM/oV79LxayX96yWRtLiWG7NoF8N":{"registrationId":150,"currentRatchet":{"ephemeralKeyPair":{"pubKey":"Bax7XzZqI8BZ4dzpMiE1a2y0ZjuV0FB/fD1q+hLvqlBF","privKey":"+GUFS22x/WKFk4i2ch+p/egz7CUyhHTXqt4aXkrMXUA="},"lastRemoteEphemeralKey":"BeYP+aAzJ5xhY/e8f55XUKSjHjqr9igytZsEiQMb3FJA","previousCounter":0,"rootKey":"wzzqVYRFn0JrN3QWgM6Gw8oWznB8Eb2lMCXp0+vxtaY="},"indexInfo":{"baseKey":"BZkJCn2HPGPbH6GWMM/oV79LxayX96yWRtLiWG7NoF8N","baseKeyType":1,"closed":-1,"used":1717967332582,"created":1717967332582,"remoteIdentityKey":"BU/r0fkZzz9x8hkum4XVRUlUteBCZTGBc8vS876wGFdJ"},"_chains":{"Bax7XzZqI8BZ4dzpMiE1a2y0ZjuV0FB/fD1q+hLvqlBF":{"chainKey":{"counter":0,"key":"y81Du2Eaq1lZWMS6gv9xClwgrjDbKBi1lhw6bySuPq0="},"chainType":1,"messageKeys":{}}},"pendingPreKey":{"signedKeyId":1,"baseKey":"BZkJCn2HPGPbH6GWMM/oV79LxayX96yWRtLiWG7NoF8N","preKeyId":3}}},"version":"v1"}