{"_sessions":{"BTQh+ppKPi6OAaA/5SQ793jvqrBeLaUN/4cnqDrHGXEQ":{"registrationId":745242714,"currentRatchet":{"ephemeralKeyPair":{"pubKey":"BTwMTh8P2iDs9loQnot6V/R7cYIGTXzPgeRxyZ2eA8VF","privKey":"CN3NXkEGPU8CrOqQSNIICgO+wcD8bRy8MkqU6rrdOks="},"lastRemoteEphemeralKey":"BURrVamvykJLlLMFfzmXkKAIubjnb7TtSBO9BHfrX70X","previousCounter":0,"rootKey":"EceLysXb8QJZc4vxFFTO7FBQlhBW7QoOGX+qMwynK/o="},"indexInfo":{"baseKey":"BTQh+ppKPi6OAaA/5SQ793jvqrBeLaUN/4cnqDrHGXEQ","baseKeyType":1,"closed":-1,"used":1717967332626,"created":1717967332626,"remoteIdentityKey":"BdwaxrFX624dx5x5WIVOCGt13cUmTlfDUTDJgqpMBx0y"},"_chains":{"BTwMTh8P2iDs9loQnot6V/R7cYIGTXzPgeRxyZ2eA8VF":{"chainKey":{"counter":0,"key":"NHqlaex10MQoLIZKxAaXN5BbirprHymlzNYLal4xYHM="},"chainType":1,"messageKeys":{}}},"pendingPreKey":{"signedKeyId":3,"baseKey":"BTQh+ppKPi6OAaA/5SQ793jvqrBeLaUN/4cnqDrHGXEQ","preKeyId":11285001}}},"version":"v1"}