{"_sessions":{"BbXu+hD1YG9BHBGb68MuKheUrmXIon0VsJQZnEb37p9R":{"registrationId":12573,"currentRatchet":{"ephemeralKeyPair":{"pubKey":"BW4vNWVMlDLzXVxoAYAl0xUmAGb1EmYeGDTEn9d+K+AW","privKey":"SAse+APbe0aHzd2KIqKmplggMYPbCTCYNkAienIMBnw="},"lastRemoteEphemeralKey":"Bf8Cz6jIvOCpEjBYrvkYWsKs1aE5LK9OYbeNCA+AmxY/","previousCounter":0,"rootKey":"o+8O8EERTdQpv2UZ1co1khf6MftbDMjy1hDmmvqKCq4="},"indexInfo":{"baseKey":"BbXu+hD1YG9BHBGb68MuKheUrmXIon0VsJQZnEb37p9R","baseKeyType":1,"closed":-1,"used":1717967332598,"created":1717967332598,"remoteIdentityKey":"BcYgOdecVVd4Q/YctLPjaltjXZnGIupoyt0FzGJn3PJX"},"_chains":{"BW4vNWVMlDLzXVxoAYAl0xUmAGb1EmYeGDTEn9d+K+AW":{"chainKey":{"counter":0,"key":"JanLtZZ8MKWOsqV9yuxviAroHsNm4v7Jozv6KSUR4Yk="},"chainType":1,"messageKeys":{}}},"pendingPreKey":{"signedKeyId":1,"baseKey":"BbXu+hD1YG9BHBGb68MuKheUrmXIon0VsJQZnEb37p9R","preKeyId":189}}},"version":"v1"}