{"_sessions":{"BRip0K6UuURT/bi/K0Q0sSZj5lWoVUoZ29nV9jfz69kR":{"registrationId":1296567311,"currentRatchet":{"ephemeralKeyPair":{"pubKey":"BYX8pp3VyZE69llcIsf5y5wsJ3iRLkVcIUduHW+rgv5l","privKey":"iNjgrj961DkpTuPGw8Hju7yU0uVL5cF8gtw0qDrBhFc="},"lastRemoteEphemeralKey":"Bcgyg3xGhSjRWJGmpuu7H/hOOd6fWLaOnTQDFdsuPsUq","previousCounter":0,"rootKey":"DTmbN5ZPYJ5GveF88rkc/tX/VOKTI/iB9bmHbxzE8KU="},"indexInfo":{"baseKey":"BRip0K6UuURT/bi/K0Q0sSZj5lWoVUoZ29nV9jfz69kR","baseKeyType":1,"closed":-1,"used":1717967332729,"created":1717967332729,"remoteIdentityKey":"BU0qqpvWklUJvBlY3SirEOD/2uMElby21BlQLpEKsLVN"},"_chains":{"BYX8pp3VyZE69llcIsf5y5wsJ3iRLkVcIUduHW+rgv5l":{"chainKey":{"counter":0,"key":"nkth1YXqrykfddP6hBb3gqCt8sbw1BywoutezZyyhS8="},"chainType":1,"messageKeys":{}}},"pendingPreKey":{"signedKeyId":17,"baseKey":"BRip0K6UuURT/bi/K0Q0sSZj5lWoVUoZ29nV9jfz69kR","preKeyId":4470377}}},"version":"v1"}