{"_sessions":{"BS8uWAEddjo9qZE8t6W6ks6WJOwN+SNB8liGxvN5uZ0t":{"registrationId":201727205,"currentRatchet":{"ephemeralKeyPair":{"pubKey":"BbSSYEGoICekeEOpeQvcsthT3aK6VScQiiIvoDcuEbIO","privKey":"oO6MR3XS0XO7t9jn5ywnAJPf0IRR6CG8OAvy8i637Go="},"lastRemoteEphemeralKey":"BdvSaxo3/OEQQyW89jCK4quxnzZil4g69Ct6j3ojmLMd","previousCounter":0,"rootKey":"yihfSl2B9FBsgwTOxVa9CQzBFbBWp3xYLB9yOpK/xxI="},"indexInfo":{"baseKey":"BS8uWAEddjo9qZE8t6W6ks6WJOwN+SNB8liGxvN5uZ0t","baseKeyType":1,"closed":-1,"used":1717967332639,"created":1717967332639,"remoteIdentityKey":"BQHOBjEq+Nxee8Bwd+vrGZDSV39z6jmpFr2LKhV/+3Za"},"_chains":{"BbSSYEGoICekeEOpeQvcsthT3aK6VScQiiIvoDcuEbIO":{"chainKey":{"counter":0,"key":"MVZXZnyxMlp4yTMpR5Uie83BbXSVrp3/rEonk6ZEot8="},"chainType":1,"messageKeys":{}}},"pendingPreKey":{"signedKeyId":2,"baseKey":"BS8uWAEddjo9qZE8t6W6ks6WJOwN+SNB8liGxvN5uZ0t","preKeyId":13917878}}},"version":"v1"}