{"_sessions":{"Bb0ENRhPDklpQ9a8cv1Zm0LbipbVSP904iAWl20W2ZJM":{"registrationId":1981519409,"currentRatchet":{"ephemeralKeyPair":{"pubKey":"BQ7TLccIP3CmjvraqWi9lbPKvi6zVcTccDG6R/svQRE9","privKey":"MP+jdCbyftAS1YjX1N3XK+8ye2lKT1zw4m/6V0VEGU4="},"lastRemoteEphemeralKey":"Bb3C36HKxbS9NMdpeOdUvhRtlaqb/TZTA2hfdMVBmGV/","previousCounter":0,"rootKey":"/sM+QQoZ5BDEgzxmmKovUlDPzGQk46EfhPeVkxl2Tv4="},"indexInfo":{"baseKey":"Bb0ENRhPDklpQ9a8cv1Zm0LbipbVSP904iAWl20W2ZJM","baseKeyType":1,"closed":-1,"used":1717574659426,"created":1717574659426,"remoteIdentityKey":"Bd7bWU6nHE24NVSJUjBCvOt8NQJ3gkzkq9arzi7BLhpt"},"_chains":{"BQ7TLccIP3CmjvraqWi9lbPKvi6zVcTccDG6R/svQRE9":{"chainKey":{"counter":0,"key":"ku0UuWJdKZhHAP547L46QDEWM77LOZHef+Wu9ljbkek="},"chainType":1,"messageKeys":{}}},"pendingPreKey":{"signedKeyId":27,"baseKey":"Bb0ENRhPDklpQ9a8cv1Zm0LbipbVSP904iAWl20W2ZJM","preKeyId":11635751}}},"version":"v1"}