{"_sessions":{"BR3X1VZpTH7M9qNz0nSoEZfUmTcxldyP7RI8Aw5C7zhe":{"registrationId":262142273,"currentRatchet":{"ephemeralKeyPair":{"pubKey":"BQpp161lznVU7VUn1rMSl2JM+bdlFyAgQP2aRBQXJsxW","privKey":"6F0Diu64/LeZpvV0uQqbUy06WC+KoBGvvnvZP7NfglQ="},"lastRemoteEphemeralKey":"BUUADwvq9LjgtLp/TpQs0FT+V7zVtMKaZ/S/DpRoBLsL","previousCounter":1,"rootKey":"Y5kQaOgJeB1ffrj5OkaAPKOelp2IbEgq0cW5Hq3iA8o="},"indexInfo":{"baseKey":"BR3X1VZpTH7M9qNz0nSoEZfUmTcxldyP7RI8Aw5C7zhe","baseKeyType":2,"closed":-1,"used":1718228426386,"created":1717573317076,"remoteIdentityKey":"Bdpne+tLNiMKRX57TXErlI6o4gPfrDfLHHiPVaC4kAtn"},"_chains":{"BZqtIkvI/KTC17ZF3OX7iaE2/E0b9MZD/DoocjM/Tw5a":{"chainKey":{"counter":1},"chainType":2,"messageKeys":{}},"BR3jjF3IFTd5M5+rNKWTm/a5z9BUd9k/Duavr3XoyqkG":{"chainKey":{"counter":0},"chainType":2,"messageKeys":{}},"BXCn3ZZjz2DlutuyGSB4TAJexwsE+BfT/fxAfDpw+E8G":{"chainKey":{"counter":0},"chainType":2,"messageKeys":{}},"BV13cKK1mFxKNCGdhqfX6jh32Ey0g0eUValyAFA0YFAI":{"chainKey":{"counter":0},"chainType":2,"messageKeys":{}},"BTlKYrtuQYPeX0psDs+eQfZACKqezU4k2X5dDeQqIWp0":{"chainKey":{"counter":0},"chainType":2,"messageKeys":{}},"BS2P1EgKPhY6YramBEJpuV5ctq+e9AIUN2GXuLrqmDwa":{"chainKey":{"counter":0},"chainType":2,"messageKeys":{}},"BWbIHMd3XV+4cVS33aqYs3wthygYRWkUjmLMoJYULHFq":{"chainKey":{"counter":1},"chainType":2,"messageKeys":{}},"Be5+SDRasxJJ0qLQkewhkzbjt1LV/sLLpldds35y+xBz":{"chainKey":{"counter":1},"chainType":2,"messageKeys":{"0":"IpB3Ju+jxj/jl+tBGyUNo6yhJ7FjiPFLlDfHUotdUDU="}},"BTyzUZwTWghpKBY1mKSCbX09eGb+JiW/k8uBrV8YuMY3":{"chainKey":{"counter":1},"chainType":2,"messageKeys":{"0":"v1PQUTEs8TVMX1NbwN3Km7nVjrN6c4HiYaygZxGQyMw="}},"Bd6y8M7WUaywy2OVSCsBHFmfyHPkg4WdOQusOB4yNs5v":{"chainKey":{"counter":0},"chainType":2,"messageKeys":{}},"BbwQx7H6r3KezfTbZ/LQY68sNhqbsHdpPwWW2eBh4N4y":{"chainKey":{"counter":0},"chainType":2,"messageKeys":{}},"BQTjLPGCHq+xWMMq1MP9O6pPyYUH681I60cEbZ8x2o9I":{"chainKey":{"counter":0},"chainType":2,"messageKeys":{}},"BXkueC9CS6622WGo26lJrJq3i3Lk/NKKMb3K5Kt5vRtL":{"chainKey":{"counter":0},"chainType":2,"messageKeys":{}},"BS2v1ayQ/WYAWOXgEqPIAdBWRBIbhqtKXKyRkQvsFh4+":{"chainKey":{"counter":0},"chainType":2,"messageKeys":{}},"BRRlDB6vjHOpJmHkeqB2u6oa1WFYUFLFBEdIeG+1AY5T":{"chainKey":{"counter":1},"chainType":2,"messageKeys":{}},"BTWzuyRzGDpfHRAo25DBe7bkMYA1Wokhn+j3vqxMSJdM":{"chainKey":{"counter":9},"chainType":2,"messageKeys":{"1":"fnqSAqLsA/YG9QmLfbv2dHNrOVl7lZGx9uUhkZzoZH4="}},"BZnFsOeiMCVgTzlfnQGyefFZ/x7m7cfhMYhm2Cmlppkx":{"chainKey":{"counter":0},"chainType":2,"messageKeys":{}},"BQ5n9DetICXapGOFIxV6hvXFKxAtToL7V5vddC6CngJ7":{"chainKey":{"counter":0},"chainType":2,"messageKeys":{}},"Bf0hoWbbb15PlsZNLr9NVCCSVgmVbxKF1cqs2IiKWbM3":{"chainKey":{"counter":0},"chainType":2,"messageKeys":{}},"BaDqvRYmcT8EwIk9ZVzGFW85xHURycQHWyIeqb9QN7VZ":{"chainKey":{"counter":0},"chainType":2,"messageKeys":{}},"BenOzBxMGMsqK+XZU/obio89BlXwhFD6vWpScs8U0/UD":{"chainKey":{"counter":0},"chainType":2,"messageKeys":{}},"BUhBepTCjUBK62SaYXF/7dyM6Twm8szraBQRR8KoPVIK":{"chainKey":{"counter":0},"chainType":2,"messageKeys":{}},"BUGP7DDy6AwtbUlilYjV+SuLD2zvPlkWVw+ZUppBceFP":{"chainKey":{"counter":0},"chainType":2,"messageKeys":{}},"BZUsqPzGZmgRILuaj21zXDyZU3C21Qm5hV5+O3U7phZh":{"chainKey":{"counter":0},"chainType":2,"messageKeys":{}},"BTNlUDiR/rgpm60p/KbdSGsOFqnOKoKgdTFpqwrmxkcB":{"chainKey":{"counter":0},"chainType":2,"messageKeys":{}},"BdyZXPLcVNNMCa038lMLGuj5xuRgCsZAGRnnNIOWS48Y":{"chainKey":{"counter":0},"chainType":2,"messageKeys":{}},"Bf1tmHYROAxjXOcFuNLz7YJ5woqF/wIr5PQmCf9PywFV":{"chainKey":{"counter":1},"chainType":2,"messageKeys":{}},"Bds62IOrtak3TWlxCwoWj6JtPEXTd22k7D8DQp+iI+VQ":{"chainKey":{"counter":0},"chainType":2,"messageKeys":{}},"Bfc5Wv1CtxhLppPT9gy7f0C985Sf9ineg7ti9yujm7ov":{"chainKey":{"counter":0},"chainType":2,"messageKeys":{}},"BQdvXZGTHW/s+nOGNEToiiuyDTUuXRe+13rcH6ZMPCd8":{"chainKey":{"counter":1},"chainType":2,"messageKeys":{}},"BZBY+MNCPzxKbpOphF+ENTz5S5MM0BzMt9CBKsGTZWIG":{"chainKey":{"counter":1},"chainType":2,"messageKeys":{}},"Bcs+nl1HWkF4odSdm+nsNIYtMRJiFECW+YgPWQnwIigD":{"chainKey":{"counter":0},"chainType":2,"messageKeys":{}},"BZ9x1QEpJkbWoIwd5LOyaf+wVP1BwnfwwwgHTAVrVjAx":{"chainKey":{"counter":0},"chainType":2,"messageKeys":{}},"BUX8vSvogyB7ZJcQUW/O8UBMdzRWTnFIIQeD81LskGda":{"chainKey":{"counter":0},"chainType":2,"messageKeys":{}},"BYkxXvVtzNMId0jZOuh8Xgy5l5YjeNFKXMIeHlIGmNIa":{"chainKey":{"counter":0},"chainType":2,"messageKeys":{}},"BZ9MEeoRJQ3Um9DVEHOrsXiE1ipHPmnWMzXur5jXlNQv":{"chainKey":{"counter":0},"chainType":2,"messageKeys":{}},"Bdg08VbByPSZBZ4la2DT9FXJohhsizz+ilyxabLnfYxa":{"chainKey":{"counter":0},"chainType":2,"messageKeys":{}},"BZYyalwalj3V/dCb9+SgKcJ3+kMhfSnocv+vnNxRQ4s+":{"chainKey":{"counter":0},"chainType":2,"messageKeys":{}},"BU0lCCfyyze+Kv8mrRRb0uiIql65V09zscrl0CWlhRMY":{"chainKey":{"counter":0},"chainType":2,"messageKeys":{}},"BSr23AyxzI0ohsDCBAoKDeXw+5j++Jx14qOlt+TAWkNt":{"chainKey":{"counter":0},"chainType":2,"messageKeys":{}},"Bb7nn7hru6wFmgoO8pctwAsyortyL4lBYq/OBqDfyLVH":{"chainKey":{"counter":2},"chainType":2,"messageKeys":{}},"BbFvGaKA23X1pjklaHanfyMX/cFtieg9FQZazJhKDrNx":{"chainKey":{"counter":1},"chainType":2,"messageKeys":{}},"BY/Zf7BCJxxhlN/rjVc0R2fob7yzFha7krwD84kdCQ1L":{"chainKey":{"counter":1},"chainType":2,"messageKeys":{}},"Bfs+BHDsrk4Xkn5s8z+Gj1TrDoL9Y10Y5pczCyLkxu9L":{"chainKey":{"counter":0},"chainType":2,"messageKeys":{}},"BZOxyrhOTNmlBDLN6OkUBUyCjfUpVrIQhASIKkNH7z8m":{"chainKey":{"counter":0},"chainType":2,"messageKeys":{}},"BQtA59Qc76MUh1zoNWKQvzVEs3U4N7A33fG8PCcJWCZp":{"chainKey":{"counter":0},"chainType":2,"messageKeys":{}},"BThXNKUkQxVk1BP4xNQ9dlgzyMbxwhS98KxYj9WyPCY8":{"chainKey":{"counter":1},"chainType":2,"messageKeys":{}},"BSIrY0nmCyWbdhi3QuV9B6m5mlZYY48jYJV/A7M2YTk9":{"chainKey":{"counter":8},"chainType":2,"messageKeys":{}},"Bcdss8RZUooOdB3khgu5lKC2VR+ThGFkDHWn5cNLol1t":{"chainKey":{"counter":1},"chainType":2,"messageKeys":{}},"BSC2LKRClFXP3W3zlhpmWf13kb1cqntQrcKT63rSK+pC":{"chainKey":{"counter":4},"chainType":2,"messageKeys":{}},"BTuLHzWbDwyWldrRMI73iJyWE1njo/eUCmTFyS+XVfoj":{"chainKey":{"counter":3},"chainType":2,"messageKeys":{}},"BVxA1WPePopWbyRdA9kEzSVTdHNmHc/lI6yztHwjcvYB":{"chainKey":{"counter":0},"chainType":2,"messageKeys":{}},"BbA0WmTr8Sh1sqkKnHXU5u8b9/NJMBZNprDmFTn8zito":{"chainKey":{"counter":0},"chainType":2,"messageKeys":{}},"BZpiZhlk621eLtJh69pv+ThizahHyE8+5lVpFYFsYL5A":{"chainKey":{"counter":0},"chainType":2,"messageKeys":{}},"BdCBqgO9gvbY/bzCMeWb8QfYw4AFgJIYA3NZqNI3snNO":{"chainKey":{"counter":0},"chainType":2,"messageKeys":{}},"Bdvjv4vAQa3UocY9flO9o9Zuwv0dXcNDECdkxgZbjGdK":{"chainKey":{"counter":0},"chainType":2,"messageKeys":{}},"Bb+8XmiUYOH+4ECTMGYuTVpWlEoTR9FcUmpx4hxqNO9F":{"chainKey":{"counter":2},"chainType":2,"messageKeys":{}},"BfaaB14Vk+ieZhxlwNAqZwXQVPq4lfEE8ft2xcAyI2Vi":{"chainKey":{"counter":1},"chainType":2,"messageKeys":{}},"BbqKgU4vtHI+Tzt/ZZOP/xtodJSZRHWmxKFEgLr4LfQb":{"chainKey":{"counter":2},"chainType":2,"messageKeys":{"2":"vBGzEVJOFAludbeiqJlWrc2P1u8buYP85xOaaoKMzx4="}},"BSKyyXMq5cGkX2QASlyN1RUFaVGznVab+E+9y/v7idsj":{"chainKey":{"counter":0},"chainType":2,"messageKeys":{}},"BTlxtR3LQB7E2Dvqb0ke9eD53QkFmf94esT1V1mO9Shp":{"chainKey":{"counter":1},"chainType":2,"messageKeys":{"1":"Jq754Qgcb6EpBdh5NqXlIRl2k9iVvp/nMvlOeyP+g6U="}},"BU/DhVyTuGduQRhUx9zEzGiU3OqhrL0u/RZ1I8EB/3c/":{"chainKey":{"counter":0},"chainType":2,"messageKeys":{}},"BQ1n2BnuiAEZUiBtP6P2PKbU+WPfS6E3U/sy6KpdNVwg":{"chainKey":{"counter":0},"chainType":2,"messageKeys":{}},"BTGoN/yQCLm0sADmGLCSc3vSU0KFgwkXHB+pPTlUd7Iq":{"chainKey":{"counter":0},"chainType":2,"messageKeys":{}},"BU/Ea2Ul3xLthP2eFK85GHUkmp8aVpubgsCcD9j0Sn1D":{"chainKey":{"counter":0},"chainType":2,"messageKeys":{}},"BQEPi09ia9MeKx63pzqLKGI1G3/PbH66+dKvPUrGGuxQ":{"chainKey":{"counter":0},"chainType":2,"messageKeys":{}},"BUX3kp0b0pk5UCbb0Qtjdl/ZguWzCBZc0vQ4J5vupMYs":{"chainKey":{"counter":0},"chainType":2,"messageKeys":{}},"BcG7RS2JNXpKLiXQqpKoKBSQByw1iIfGpNNlbRZqANMH":{"chainKey":{"counter":0},"chainType":2,"messageKeys":{}},"Bb/DdT26WMlDi5X5i6N7br3r0oROqvUudv3VBUsI86dO":{"chainKey":{"counter":0},"chainType":2,"messageKeys":{}},"BbiqUYwRZ5eDgLLe69JEDC+8IznXfe9+rpD1Cr5BVhJ0":{"chainKey":{"counter":0},"chainType":2,"messageKeys":{}},"BZjz+I5bvQ811vASWqeBrrD7ZM8BtvFxy8zxHlwc4y0x":{"chainKey":{"counter":5},"chainType":2,"messageKeys":{"3":"W4l7Ye+qfxeusbMb0f4cVorTVI62xTbgU2jf2CnuSZc=","5":"x68u/TjVeNbSQYoZC5Kku+hdHfutmr6RrMkHG3SlJwc="}},"BRBlryUsfYtv1EqLRwf9NFshwwsfgY/FgcKoAuASXa0l":{"chainKey":{"counter":0},"chainType":2,"messageKeys":{}},"BUxb8PxuI3ck9/stBMuDfwsX8DrXNpRPA27gsdMhVnFr":{"chainKey":{"counter":0},"chainType":2,"messageKeys":{}},"BdkVjNuDvZV10bGUNfzBM/n1b7IutIoORuyraH0vOdl/":{"chainKey":{"counter":0},"chainType":2,"messageKeys":{}},"BXYo4z7ykvvC2jL/EAMLt6Q9rTEnJ2OLI0q1qrRSC/Up":{"chainKey":{"counter":0},"chainType":2,"messageKeys":{}},"BaGOzoTf95zcfFC7WIrl95m0PNJquPXGt0RWQv3bb/pt":{"chainKey":{"counter":0},"chainType":2,"messageKeys":{}},"BQMvGm+bPTwVW7UU75766Gsk4xJ0KVWOmv0DI80JeuMx":{"chainKey":{"counter":0},"chainType":2,"messageKeys":{}},"BRD26sH0Dt35AO7RYyBX9dGXyAODHgqbN7YQPoQoPthk":{"chainKey":{"counter":0},"chainType":2,"messageKeys":{}},"BfNeB8Dy8sH8Bp9Pdfo95bmDX+pLZGHAoyTNE+ST0yUQ":{"chainKey":{"counter":0},"chainType":2,"messageKeys":{}},"BZM0GhUha51wd9VarEm/zLT8f5EG6+XQlI2wZnTXWpJD":{"chainKey":{"counter":0},"chainType":2,"messageKeys":{}},"BWNDHYj6eGjkslW02AjPglMaAMMe27GbvpULwZPoYOpC":{"chainKey":{"counter":0},"chainType":2,"messageKeys":{}},"BT0WkhoOmBrnIE4Oc1+/itMw56STitd2YxdCjFg/Nmh9":{"chainKey":{"counter":0},"chainType":2,"messageKeys":{}},"BbvYcIloPi6AiMspD121uxMQ1HgwNC3GovasU5w8rixZ":{"chainKey":{"counter":0},"chainType":2,"messageKeys":{}},"BRpHpT5bsKzdhoxLg+N0uiBtMaqM+7esdxX3y+rcIeEz":{"chainKey":{"counter":0},"chainType":2,"messageKeys":{}},"BQI9onlFnK0PEDR9m7PkhlhmSL8eFdubBNOtQMwRlJob":{"chainKey":{"counter":0},"chainType":2,"messageKeys":{}},"BdBqooOD9BnSGC66faQvP/es/GI+bdnEZXQ5eVR4Tu0H":{"chainKey":{"counter":0},"chainType":2,"messageKeys":{}},"BdI8ZQkNT9RigzV2+T7gbG0pUtets8YlkOVi/5/fdUsk":{"chainKey":{"counter":0},"chainType":2,"messageKeys":{}},"BdcJaqA+Q0d3hOLJVWMpXmYHk6nhl9845BKvuBFS1HxU":{"chainKey":{"counter":0},"chainType":2,"messageKeys":{}},"BVN7I5y8RPOp7oIB8MNWLgUiApsN6gDs3et6PzeMWOxP":{"chainKey":{"counter":0},"chainType":2,"messageKeys":{}},"BREjDhcv2L+fvG9KyjmbHJhg+E8q0Foax44xZ9nFNzU6":{"chainKey":{"counter":0},"chainType":2,"messageKeys":{}},"BUNW7B+E/lKIouQpy1Gj/V9fR3HJBCttDgAmTj1r/YRn":{"chainKey":{"counter":0},"chainType":2,"messageKeys":{}},"BVAhw9dzvX+vpisnpYWYsOeF1kKUVBjPwYBy4Jf5xQQJ":{"chainKey":{"counter":0},"chainType":2,"messageKeys":{}},"BY1zet2IJztkCmsdmD40eczNa9n/UM7gTRbdft7ErSt0":{"chainKey":{"counter":0},"chainType":2,"messageKeys":{}},"BW6fa6BGgmmYD+5rOdIGCI7vBZnZhUJLAykF56XZNJA4":{"chainKey":{"counter":0},"chainType":2,"messageKeys":{}},"Bb7LpabPMznoTL4m3FPkQ057KwiF1ZeC+tfcXD+fXzxf":{"chainKey":{"counter":0},"chainType":2,"messageKeys":{}},"BTt0+czYMeEGFZBL+Zj86VMM1Jn71RvH05wJKiATqTch":{"chainKey":{"counter":0},"chainType":2,"messageKeys":{}},"BUHupi8ny7nOHx4wB+Wv2eaOiZbIPHV1/0ysMpfcLVhl":{"chainKey":{"counter":0},"chainType":2,"messageKeys":{}},"BUGI1DU9qiuDw9QSVGJ+mwduNUum9SHlWYv/l+WP9lom":{"chainKey":{"counter":0},"chainType":2,"messageKeys":{}},"BQsTB0ctZ6wT12qOP8JVRpcHtYBGCs+EmXKm2ttsnyYz":{"chainKey":{"counter":0},"chainType":2,"messageKeys":{}},"Bb56a3FLszmGA9vC2wXXsCTfj39TGL8T1uXGxV+bZ4lz":{"chainKey":{"counter":0},"chainType":2,"messageKeys":{}},"Bes8zE90sYxQJqFQ+eS2ugOpd6vcBP8pv88O2pCZFZxm":{"chainKey":{"counter":0},"chainType":2,"messageKeys":{}},"BWjNLgaKAhTtbqGmA0YX66pLV8hu5MpgvW4DLuEt4p9l":{"chainKey":{"counter":0},"chainType":2,"messageKeys":{}},"BR186b6HZq9gZcMH0qLDdpwRLiPYR4jX3ZHS+S7OCXRS":{"chainKey":{"counter":0},"chainType":2,"messageKeys":{}},"BfAO9A0GKGEg0EaUGlbggcuZmrkUZ9E2cBNlL2Nvn/JS":{"chainKey":{"counter":0},"chainType":2,"messageKeys":{}},"BbBbwnYD/ptyRQNCfI73rhXMQGNIqzBFYVatfXcISCty":{"chainKey":{"counter":0},"chainType":2,"messageKeys":{}},"BTYL3vzWRlxhGUF91F41JZguK2MnEmaklIaUHf7vEJAy":{"chainKey":{"counter":0},"chainType":2,"messageKeys":{}},"BWhMeBvut6b5Qj3FIFMiB5GkTAe4wGfMbgUMuJsNaQJ/":{"chainKey":{"counter":0},"chainType":2,"messageKeys":{}},"BShc9SOK/xJI8gxyTAocQA2JR2NoGzizAUPeEMzJtXYy":{"chainKey":{"counter":0},"chainType":2,"messageKeys":{}},"BUHsqsKvV9djmPPhYFrG8hizSdJA3AuZlHlrtpjrxGlK":{"chainKey":{"counter":0},"chainType":2,"messageKeys":{}},"BYFWRsIm3DLvtcq3sJTR/B38w89GgEtTpGZozCVDgUx/":{"chainKey":{"counter":0},"chainType":2,"messageKeys":{}},"BQlcLh9VfwrQvva8VcAiP3xYVEY/qSS9Xa0X5TreL/dP":{"chainKey":{"counter":0},"chainType":2,"messageKeys":{}},"BXbArUPNUPgmqT9il4nmZGtqwloN7XZNWXq1rxAL9qhd":{"chainKey":{"counter":0},"chainType":2,"messageKeys":{}},"BSQriAAogXM4XalAjjatM93qiS3uOX4Z0cmnx9SvQXQN":{"chainKey":{"counter":0},"chainType":2,"messageKeys":{}},"BQa019ATvrxnhB17onFp+Ixd1gwhESiV+W3S8gZH4nda":{"chainKey":{"counter":0},"chainType":2,"messageKeys":{}},"BXPnhrAgeTb6VyRL3fTmXsoN+nAwSz9AuIqvwcutjF1Q":{"chainKey":{"counter":0},"chainType":2,"messageKeys":{}},"BVRAenwMGLDeBAAm8fDgKwroguBnGBIDZPXGqc239XE0":{"chainKey":{"counter":0},"chainType":2,"messageKeys":{}},"BcFSyOGklQylYL2fh0/KxWAwQ75/W/vu+JC2+yaTDc5z":{"chainKey":{"counter":0},"chainType":2,"messageKeys":{}},"BaawRg4XVvEa62qJCOBHzsbZnBScSzV/ZczLFqv19fZA":{"chainKey":{"counter":0},"chainType":2,"messageKeys":{}},"BSaOuHMUscJfznQKidox29sGZngxWmyMjjVqktb++/VO":{"chainKey":{"counter":0},"chainType":2,"messageKeys":{}},"Bam5M3bKa63K5BYeI7LW2h4fOJGS9z/VlHW1Ks1Gbq9a":{"chainKey":{"counter":0},"chainType":2,"messageKeys":{}},"BXJD7WWnlwm98V1I1jkVjgYSem2VuS9kAdvn0wci3JFt":{"chainKey":{"counter":0},"chainType":2,"messageKeys":{}},"BXXhLv9HIo9azohKIn+LzVz8gAJkC7x797PX8xUP28Ag":{"chainKey":{"counter":0},"chainType":2,"messageKeys":{}},"BVcI0K76wV3OSxcETnEi2bRO2q++8IDCVUxCKg34664U":{"chainKey":{"counter":0},"chainType":2,"messageKeys":{}},"BU9gEDOcXcUOJdvDk8K9CeIWQXwnvA9gNk+Ra+1ls4A4":{"chainKey":{"counter":0},"chainType":2,"messageKeys":{}},"BaC4h766HlWOeyPGLszzzeb99xuaUj4LMUocbrgSsQ9g":{"chainKey":{"counter":0},"chainType":2,"messageKeys":{}},"BdH9BEKOqhcDhGuAIU0RhDoki56sA6eh820icO9MZMlJ":{"chainKey":{"counter":0},"chainType":2,"messageKeys":{}},"BRbEVnl9xhS8ZpwwB6mDR/4I/9SguxbkjPIQGify5OQx":{"chainKey":{"counter":0},"chainType":2,"messageKeys":{}},"BaVvya69AmclSnsKNixqwg8228AQ/bLYQQmDdHEQ7hVR":{"chainKey":{"counter":0},"chainType":2,"messageKeys":{}},"BePzp0gbaagJ4yGa+kXjkWjunv22iwJYKh6I8yQ+OYsv":{"chainKey":{"counter":0},"chainType":2,"messageKeys":{}},"BYeR+5sjTH37DUkKkryM4mgq9eabXuM7FGaJm7WswZVi":{"chainKey":{"counter":0},"chainType":2,"messageKeys":{}},"BXsSlH2R00w7Y+d78Mu5cjlvgs0e6KpN2gpZHm/XUW9n":{"chainKey":{"counter":0},"chainType":2,"messageKeys":{}},"BdwEXMNc00GQ5jtj5Pj5JhfS+3xgIAGYx7QrP35ew/tJ":{"chainKey":{"counter":0},"chainType":2,"messageKeys":{}},"BcFgNcjdGAq2i0FEE6csVmn5HM2DgqP/rb+VtXQw6edp":{"chainKey":{"counter":0},"chainType":2,"messageKeys":{}},"BbdBE7poFsHgawYqKMvgRb0eJEjL7GxDpbNtAjVTJCIW":{"chainKey":{"counter":0},"chainType":2,"messageKeys":{}},"Bb3oZJdJC40/ixs7ScRAsfwQHU7fmrehNsmSWZn6FHtl":{"chainKey":{"counter":0},"chainType":2,"messageKeys":{}},"BYNOn4yEPQ7qXZ4TjaAzjrZ0B8JVztnWpWNgmB3CTicx":{"chainKey":{"counter":0},"chainType":2,"messageKeys":{}},"BUjvFQ1w/ivcwx6e3k+vfHNPnuRcwsGr/MNyUhwXLaBV":{"chainKey":{"counter":0},"chainType":2,"messageKeys":{}},"BRPF/FNH95TQSVrbd0cHjVVYAwBTrPueDdqIfVXf4fQA":{"chainKey":{"counter":0},"chainType":2,"messageKeys":{}},"BS8Fp84/x6eBqcfvSdLZwswJzBCUktLf+Bi/Q/rR8bN8":{"chainKey":{"counter":1},"chainType":2,"messageKeys":{}},"BYidf/V6tXD/QvSO0GwnZDJLeXJlTNe9610SBhctalok":{"chainKey":{"counter":0},"chainType":2,"messageKeys":{}},"BRIZEXEVCqCMjOsp1CzwzU02xKHcckEQ7NpVlz6j1ult":{"chainKey":{"counter":0},"chainType":2,"messageKeys":{}},"BSNUc2z0gVz/jRmfvXYag9MhPBz202gSJeLnuOzfNc8e":{"chainKey":{"counter":0},"chainType":2,"messageKeys":{}},"BQNNYuaNl+Bs7Qla7MlIuPzvf78/3pjNvppCl+cPhcYy":{"chainKey":{"counter":0},"chainType":2,"messageKeys":{}},"Bf69+C2MLuTa+1LP29V7XV6CxY/ODG28JbabJivA1htd":{"chainKey":{"counter":0},"chainType":2,"messageKeys":{}},"BWgZxuc1zHg6H74ZsdvQbH4pwCFWByVGgwUqrXZYAaFE":{"chainKey":{"counter":0},"chainType":2,"messageKeys":{}},"BWrLttM99o+wyGoCNR+WPyY5ekejuEtQcZVRpSqIi6gV":{"chainKey":{"counter":0},"chainType":2,"messageKeys":{}},"BROC9hBHOXA3akMia2Jm4aLCNyFCAG5VfUxtvgWxoAMR":{"chainKey":{"counter":0},"chainType":2,"messageKeys":{}},"BVP83ehgBmkmgzaXhNmi4rqkEkbjOVtV3XgYQyC1aGwK":{"chainKey":{"counter":0},"chainType":2,"messageKeys":{}},"BToAAaeoY40nlzV3HHJFnJg9f/btok/wCRnIAa+LGpd5":{"chainKey":{"counter":0},"chainType":2,"messageKeys":{}},"BWlzqBop2Fl9h3j1MCNsjcop2uVt3zh8evYu6nbCAKdQ":{"chainKey":{"counter":0},"chainType":2,"messageKeys":{}},"BbIna/zBUvXShZw2eUQQ8YHv0WnPJ8ygGv5+B44BkG5i":{"chainKey":{"counter":0},"chainType":2,"messageKeys":{}},"BWPAsmXlBimIa7bSZ5vsS+O8m1djO0NWNPs0tA8wmTwk":{"chainKey":{"counter":0},"chainType":2,"messageKeys":{}},"BWeGXiYjCrfcXx88ZGCNGwHK3QUIN4RaxggdrZB+VMxf":{"chainKey":{"counter":0},"chainType":2,"messageKeys":{}},"BelnMx1JTGrQm/UZ2XVlvkHYeh/ZoRtKsfrw9vHijy4Y":{"chainKey":{"counter":0},"chainType":2,"messageKeys":{}},"BdpThRyUmleZmIgcJGejmRHu3/Yuh6LkNuIT26l54u9o":{"chainKey":{"counter":0},"chainType":2,"messageKeys":{}},"BasvNGeEzTWsaNjKvgKRYG6zwW972g2u04CwZ/9Z02FG":{"chainKey":{"counter":0},"chainType":2,"messageKeys":{}},"BVPqkvskPGsJdulOtNkbExOMJoNINrI/mkxX+3bt5sJk":{"chainKey":{"counter":0},"chainType":2,"messageKeys":{}},"BeKsvLhuMZjUWmgyZ8EdjvqZpxS3VQH5ZbUTEzK3di8O":{"chainKey":{"counter":0},"chainType":2,"messageKeys":{}},"BYwW56pGL+30mLNAPq69CsaMiZNxJFcs7CZMDXwXk7gg":{"chainKey":{"counter":0},"chainType":2,"messageKeys":{}},"BUczByyEoRZ6rqqbOgE2azJEfM03SvA7fVuHMhECXOQ8":{"chainKey":{"counter":0},"chainType":2,"messageKeys":{}},"BWguK2qhIPQvFGwzD0a6VGESbEejiPtREC3r6Op+VPx7":{"chainKey":{"counter":0},"chainType":2,"messageKeys":{}},"BRnProLBaVIW7Vqq1on+llplnGfDOxho9XDn6+IqGDc5":{"chainKey":{"counter":0},"chainType":2,"messageKeys":{}},"BSifaZSfWUkBZD7jyN3/r+p3pzWcncvQGWsZ1XYAaUMA":{"chainKey":{"counter":0},"chainType":2,"messageKeys":{}},"BTQ7pLLCY+U0cI44uzisPDia8GvYGpZ+VOpRxlhlOGcC":{"chainKey":{"counter":0},"chainType":2,"messageKeys":{}},"BRmjU8VzMzfpRZ7uQV+ab0g8mnZqx2tIH3g+VRHD1YsJ":{"chainKey":{"counter":0},"chainType":2,"messageKeys":{}},"BSNY8HhuDzfIMnKxl8bdhc+6lVFoCH+v7LqjhrOHedhC":{"chainKey":{"counter":0},"chainType":2,"messageKeys":{}},"BfxB8x+rWrOry9X3bUK6Z1y9v9ejixnwnNtlCTqyHBoZ":{"chainKey":{"counter":0},"chainType":2,"messageKeys":{}},"BVnYDIm+58By7VH9dreZApFKMnNFl9PiOC/TL+qaZioo":{"chainKey":{"counter":0},"chainType":2,"messageKeys":{}},"BRu/oKfsGJuy3HUg0qV5uDYI1cwDx7OyLxHSHOyuPwMF":{"chainKey":{"counter":0},"chainType":2,"messageKeys":{}},"BTJzE4AI788PpqRwb2hIsbHABMiJpsamfKLpbREQ9Por":{"chainKey":{"counter":0},"chainType":2,"messageKeys":{}},"BXoZvwV9GnDfCR9qtt8S097K9naTJM42UBwjGcQ4zxp0":{"chainKey":{"counter":0},"chainType":2,"messageKeys":{}},"BYc5nF+9V1LlKQ4qcySPLtqnmOVe2CBvBpT5T5hlrxVB":{"chainKey":{"counter":0},"chainType":2,"messageKeys":{}},"BaEz/+unvgXYsNQj4JowNhBhPugCRPWrnG94xri/USs9":{"chainKey":{"counter":0},"chainType":2,"messageKeys":{}},"BbCDGX4HAeIRbMjqEkzUhVZgST1JNWvJxT0ldwciPIAc":{"chainKey":{"counter":0},"chainType":2,"messageKeys":{}},"BbGUitDXYM7N+E6JAt8JMr3u9Egsa12zWjxjicyklcQq":{"chainKey":{"counter":0},"chainType":2,"messageKeys":{}},"BR/Yeh12oHODj/SRSxn/shLQRTTEqqne8b1a4S4aqjw3":{"chainKey":{"counter":0},"chainType":2,"messageKeys":{}},"BbL0BNHzLogKt36AZOGf+qlgn5nvue4njoC5NsZwLhNG":{"chainKey":{"counter":1},"chainType":2,"messageKeys":{"0":"1MAbqbM0RHPa9kZRtTf4lQfRROsdyDMuoR1Xt5mNMR0="}},"BQCP44yH9Qm5EhWJV90MRkYo2Arnn6W6r90VFt/8ebsA":{"chainKey":{"counter":1},"chainType":2,"messageKeys":{"0":"MCLNkj5+v1nVuGA+wUHNP77hn5NW7Z+KpQ0bhrt7BPQ="}},"BesIhVuicUO2A/eWNRE06GyWuufinHtQaF4KqWVuFlMT":{"chainKey":{"counter":1},"chainType":2,"messageKeys":{"0":"aaZCyRCb2qfBHL+XrfENT/out5jdV6xCIX77pe/S06U="}},"Ba29KLTEhhrdKiajePuj0yVPV4UgXeGpejuGQFulwHgc":{"chainKey":{"counter":1},"chainType":2,"messageKeys":{"0":"VAf+K8X6usAcTLOOgRV3Qy/tlqQjk19m0xuSwrs7K50="}},"BYCnSyMzkP4VmulhtEPeYoYi32377ioPGP6vtqmUQiAF":{"chainKey":{"counter":1},"chainType":2,"messageKeys":{"0":"ugITth9MxPESwsoNWHbvdiba/AB3pCdSqJ4lDVWBoQY="}},"BT+8+jbVozq/h6vccxfIPmf/Ebc3NQQOi6zDwMMhmaAa":{"chainKey":{"counter":0},"chainType":2,"messageKeys":{}},"BTkJuCUAV4MPhPcbxyFWA6a06y3ZWH583lnfk3mL7Yd0":{"chainKey":{"counter":1},"chainType":2,"messageKeys":{"0":"Ka0CPjX+u6+fUHKZk4yoRL2k/0O9DACPYAvHC+A09cs="}},"Be/x02EPp9wzz/6atjPdhBsb96glM4qg8wB68fJ912Qt":{"chainKey":{"counter":1},"chainType":2,"messageKeys":{"0":"UYJLZKKmsukd7JlYcgO6LvHkCbdBcXadsQTQZ7UG4W4="}},"BTftAxI8croeM8K9HXDMKI9KJcLYfEdsXF56cb3P1Zp4":{"chainKey":{"counter":1},"chainType":2,"messageKeys":{"0":"ZhVbt2I2r3Z7I69HpZicw1BFlU+t2qJSI186K77Fk+4="}},"BfqOub+0uyxj+9E0XXXPnNr/GF3qpB9RMEObbKtlF8pj":{"chainKey":{"counter":1},"chainType":2,"messageKeys":{"0":"yz9CwQLHeo7D9k+20mvw500r+Ax0uHCK1UgHspu8pog="}},"BdWzAbmzV8UWJ+ZS5gBitijwkOOOYqFouD3yqvVtxs5T":{"chainKey":{"counter":0},"chainType":2,"messageKeys":{}},"BVU0JhHFqFGTZQR7FpVOXLnpTaG2SQSTQ3YpvxqSpHI7":{"chainKey":{"counter":1},"chainType":2,"messageKeys":{"0":"z/B1os3YCWEvuDlWARCDCeWMiPX0eu6J0NbhQGOxEA4="}},"Ba2cu8NRdzHII/rVetcdBLW+irACleMQHDlfGX0+moBE":{"chainKey":{"counter":1},"chainType":2,"messageKeys":{"0":"HJBtFxiZhBxzA0CkIWi9EY2z2aLoHxCxDu7yYoqNous="}},"BYnTbK1O8UOdpepgAEBagvICYDmWNfAdy7OVd2WwIhY4":{"chainKey":{"counter":2},"chainType":2,"messageKeys":{"0":"mgN8HuP5MeF305P8htmsWwVV2QYgDaZfeV4FH5QnHKc="}},"BSnWHem3dfD2xWXXDnZKqPL2YXxPEIYxcp+RlahwOpxW":{"chainKey":{"counter":0},"chainType":2,"messageKeys":{}},"BRMmI4OeZvby6neirT1RqmFdCPL5IdNGbFl0KPh4HHtV":{"chainKey":{"counter":0},"chainType":2,"messageKeys":{}},"BcI/gYFjlYs9T1/iTiOoY7NJSmTmWaHDVP18SygHXeIk":{"chainKey":{"counter":1},"chainType":2,"messageKeys":{"0":"EXYIeCCwuZ71OxCUw2Sm3Oql8lVqXo/VoJPIlrL+k9w="}},"BZaO7Q8G7ISRDoLD1N97WlnEMWG8dmEoCMd6n1qY3zc8":{"chainKey":{"counter":1},"chainType":2,"messageKeys":{"0":"iYQuMv56bYl1MFRAUBmMl+q4KZXkT/Ac4ZpKxFC0nRc="}},"BTFfVgB4cZwnHiplGPs5pB7eQmZJgSwcSDxQFVCvacgs":{"chainKey":{"counter":0},"chainType":2,"messageKeys":{}},"BcJPWSptRHav8epwD1Wcy5sP50QsX/dFNYjEALYfqb8R":{"chainKey":{"counter":0},"chainType":2,"messageKeys":{}},"BTPGuonCYdXiCSdsEyy93kSXPtoeiqzUgXzRDxUEJjpT":{"chainKey":{"counter":0},"chainType":2,"messageKeys":{}},"BaZEh7LELbJsnklAns/qk0gUlfbXmHD75CTf7zVT2Z95":{"chainKey":{"counter":0},"chainType":2,"messageKeys":{}},"Be/uwTKKCcq49ULXvGenft1BTOfGvQ4J7opIdpSCWNUB":{"chainKey":{"counter":1},"chainType":2,"messageKeys":{"1":"smUfcfJsdlN4p9YZStxLxy56CghRa3NMGdKlzIqKYLk="}},"BZHIBIal4kiQWb327gCoJJ1HvKrXCTEbdXaADzO0mSwH":{"chainKey":{"counter":4},"chainType":2,"messageKeys":{}},"BVyMH7ZaGLmA/OP1NbtCZ+VJ85GHcN5OSYONr6ha0mB0":{"chainKey":{"counter":0},"chainType":2,"messageKeys":{}},"BcLUE+nq+dShUzMmDjzedoIJfF9+UD47HJH38tGr228e":{"chainKey":{"counter":0},"chainType":2,"messageKeys":{}},"BXEptAkkRBmh+BjA5MTD+zHK4NmC9ZLFP4xW+cc0/hZS":{"chainKey":{"counter":0},"chainType":2,"messageKeys":{}},"BcKJN/CIeMmZH24WsWpCBqWOjjlZSzu8p3uOZrGT0YwD":{"chainKey":{"counter":0},"chainType":2,"messageKeys":{}},"BfrsKpGXxe2Np8//l/h1CQ9vlByfF0RRCOORaAtiq70+":{"chainKey":{"counter":0},"chainType":2,"messageKeys":{}},"BSvHRxS+0jYl2fFySjhf50/3OFZgSBwvT0m/eRLA9GEa":{"chainKey":{"counter":11},"chainType":2,"messageKeys":{}},"Bf3tvLuMms5PHHddmPQ7GdrkNvYig78ALZQ8/LWlWvQc":{"chainKey":{"counter":0},"chainType":2,"messageKeys":{}},"BUbWnVgD+AoqsUl2XXyICS4cdC9inEqDDxppE+xpT7Ft":{"chainKey":{"counter":0},"chainType":2,"messageKeys":{}},"BW5l7f5QwErV4is3vk4vi8Dq2IjrMF8ccetX2ZN1jVAG":{"chainKey":{"counter":1},"chainType":2,"messageKeys":{}},"BeKXEgC7miHDJvCe07fu+mTSz6uzpKuzSI1SOCK9hOwa":{"chainKey":{"counter":0},"chainType":2,"messageKeys":{}},"BVikVOEk9BRUrwknA5IU40B6BZ3GWkjzuifrFgBI24Y8":{"chainKey":{"counter":0},"chainType":2,"messageKeys":{}},"BQFAzFs3JeMYRefr+O68BCLm43+z7XEdgQD3OP0Vql8Y":{"chainKey":{"counter":0},"chainType":2,"messageKeys":{}},"BUiw83BKI7BmhRJFeWWWIQz+d7SQ8m7gmV42pvWOwo58":{"chainKey":{"counter":0},"chainType":2,"messageKeys":{}},"BaUMj5N2XUY0tL11uFSUJFXP1As1rM9jOtlfR+r3SgxU":{"chainKey":{"counter":0},"chainType":2,"messageKeys":{}},"BQXOTaF3cGG0nzKJbw5+IB5bL1JEs9RsKUmepVsSBo5c":{"chainKey":{"counter":0},"chainType":2,"messageKeys":{}},"BcK4Gbfhd7wm7Rg8UF7aDiMiZBr0xmYjwRZstj6Uh15+":{"chainKey":{"counter":0},"chainType":2,"messageKeys":{}},"Bd7Y31XtkrJnjPMoggSWaWUfDu/Bf8ndv9A1PRvWQDts":{"chainKey":{"counter":0},"chainType":2,"messageKeys":{}},"BasOXAcnHn3wLjcqg/ZXgzxYicKhyp8CT71jsTFS3i0X":{"chainKey":{"counter":0},"chainType":2,"messageKeys":{}},"BcqauxLND3UPlJtq7+iK732VcjfmBXxWZXTByqksb2hc":{"chainKey":{"counter":0},"chainType":2,"messageKeys":{}},"BY9CJ07VDgQiIEhjQ6RFr+lKXQD4KZVAWXwqf+Unm1Fv":{"chainKey":{"counter":0},"chainType":2,"messageKeys":{}},"BQ3oTmAN8puN/bX0gpe6boaB1zDzkV2lTwrGsGgH7WZK":{"chainKey":{"counter":0},"chainType":2,"messageKeys":{}},"BZpy30k0XC4ux45/3dT7KUfS7a6TrW5qsxd5b0z8RCIl":{"chainKey":{"counter":0},"chainType":2,"messageKeys":{}},"BbKTiC7khC8+8xIEXmqwcwnhaRgJfRUbHrzJt9KeDkxR":{"chainKey":{"counter":0},"chainType":2,"messageKeys":{}},"BVcHM3sLfAKt+8U28swCoBXYDK5E53UF6eL2BTRybPQO":{"chainKey":{"counter":0},"chainType":2,"messageKeys":{}},"BXVSBWyCwn9UjZlwC+MvZ5HzKu23DXeWq1CO4x2UoDct":{"chainKey":{"counter":0},"chainType":2,"messageKeys":{}},"Ba+EaFeuoBF/QZgMzgp+yZnQTxZ2WCTTo+sn+PUT++41":{"chainKey":{"counter":1},"chainType":2,"messageKeys":{}},"BX7q9Hv28bVcvs5fOcfG20IMaw5m+zbfOvwBcPuDTAV1":{"chainKey":{"counter":0},"chainType":2,"messageKeys":{}},"Bd25qAWD66Gi0pPvghqTE3gf/Wwi6KmtTiRpJ9oN51ct":{"chainKey":{"counter":0},"chainType":2,"messageKeys":{}},"BeuAIzwKeEuIcqwHc5djdbV0ev+6F84ZD1hvDH8+YEEd":{"chainKey":{"counter":0},"chainType":2,"messageKeys":{}},"BcvFMXOa66CNJFQVe9YnhCV7Aw4LKfmjc0HZasr344xF":{"chainKey":{"counter":0},"chainType":2,"messageKeys":{}},"BePbTepu1QYHyPPjlwB9aPOiTd+5MGe9+fIzGRDrJ+xN":{"chainKey":{"counter":0},"chainType":2,"messageKeys":{}},"BdomGsNl6Ri1OH4A5ur/Ayfze86c40xmqHnEjreJPZ0s":{"chainKey":{"counter":0},"chainType":2,"messageKeys":{}},"BUNfT/akgsrvXxAvMyffqGOMRfU4klp072y99kRbJ2xP":{"chainKey":{"counter":0},"chainType":2,"messageKeys":{}},"BSdqnEz9UGOlcBKm9QM3FtRhBE1eCteyA3IAVojCHqlu":{"chainKey":{"counter":0},"chainType":2,"messageKeys":{}},"Bci5jE5Vj3TYXiMdPK31RA4OdvReH89Nfmh9S5w7/o0J":{"chainKey":{"counter":0},"chainType":2,"messageKeys":{}},"BRptaWRS4YK1mPyib5/GYkrvpZofu3OdUv51XRjfY8pk":{"chainKey":{"counter":0},"chainType":2,"messageKeys":{}},"BdRcVVUZwHOHug1/1UQsGcc1i2dWPOrls6RCi34QEctC":{"chainKey":{"counter":0},"chainType":2,"messageKeys":{}},"BaDQlhbsoXVBnqf/ZMUa27zC7AJGoEVaUfNCUxqOiNUy":{"chainKey":{"counter":0},"chainType":2,"messageKeys":{}},"BbEeanE/TGddSFCMbEmczZjO8qhhYa8cJVlW2+DhqTgM":{"chainKey":{"counter":0},"chainType":2,"messageKeys":{}},"BbikSlv95ynwkelT/bd6m80BrohQsrTYguvIB39CYFhh":{"chainKey":{"counter":0},"chainType":2,"messageKeys":{}},"BfK5fEY/hixp3WLu3mWZr/JZ7/k7l9jNsMKvlYib3C0y":{"chainKey":{"counter":0},"chainType":2,"messageKeys":{}},"BbB7KlfvwzFcSsYFSZ5pyZFRyS8MrXsG5vdn/R+TEYtQ":{"chainKey":{"counter":0},"chainType":2,"messageKeys":{}},"BX7W2gJOCDnB4H4xh+6tdHPNJAI3x5b6RfUxCIjZ0u9+":{"chainKey":{"counter":0},"chainType":2,"messageKeys":{}},"BTZWocDrWwmwO5CKs96RO+TUtSGkcyOLCJWziMnD+n0Z":{"chainKey":{"counter":0},"chainType":2,"messageKeys":{}},"BbRR4onq+ArjjGHns2zeuGQcQs9MusZdH+ujCp5EPtU5":{"chainKey":{"counter":0},"chainType":2,"messageKeys":{}},"BUYsif7uRVAzjsesLXcWOKJVO2TI6feQbk1EEESCDoBL":{"chainKey":{"counter":0},"chainType":2,"messageKeys":{}},"BfSR2sM6DMcwZL+V4yaAWqL9yyN3O28DnFBF3/0Bck1G":{"chainKey":{"counter":0},"chainType":2,"messageKeys":{}},"BcoP0yLxxUufJYChdMwP+bI4ZKA9LAOvqSVByWGFR4M2":{"chainKey":{"counter":0},"chainType":2,"messageKeys":{}},"BWkD9rBt2Lfbc1ptPNEKDE7xBLG9CrNAM8YvKR9lcc4v":{"chainKey":{"counter":0},"chainType":2,"messageKeys":{}},"BcvCrThI5/60NEQ/YBr3KJyLDbfv+VXKiusBYlG9CPoq":{"chainKey":{"counter":0},"chainType":2,"messageKeys":{}},"BRYWjOJEbF7eQ6DAOeJYutkY37TRKses1DTDvX40y1ot":{"chainKey":{"counter":0},"chainType":2,"messageKeys":{}},"BfWITf3WFc65EJ7LfGef+ZVI4AVQljF7+X87hgJZb4oc":{"chainKey":{"counter":0},"chainType":2,"messageKeys":{}},"BYEYDQ6wN8PvBt9syupOhhadaSM60xXqW1sY5aTbmFwZ":{"chainKey":{"counter":0},"chainType":2,"messageKeys":{}},"BZBKcSZ6x+nXZYul7FJmH8tqKHyU9+FlAViLvHZTtlYH":{"chainKey":{"counter":0},"chainType":2,"messageKeys":{}},"Bd6oNDWfmHLngxX8CakpyB9+X87/DUfwVtSvKY43FWRj":{"chainKey":{"counter":0},"chainType":2,"messageKeys":{}},"BfuB24/bNWvf/OLK2Me8yr4T9xVf7p3P6NB2gwwY/Hpp":{"chainKey":{"counter":0},"chainType":2,"messageKeys":{}},"BWsnH4LqOmBq0mNIYDAsd1xfkwWx7OuLi5hRGFdTLANp":{"chainKey":{"counter":0},"chainType":2,"messageKeys":{}},"BbpqVVnP+Q2XXL6GjQMxLYNatn1nW2wSY9y2uy/0+5ZX":{"chainKey":{"counter":0},"chainType":2,"messageKeys":{}},"BRJ2OHYPtMDtc7ZevO2Tzmo1NuCRngDeT6OdxUFwPHYK":{"chainKey":{"counter":0},"chainType":2,"messageKeys":{}},"BZbE8i4YnttrJXE0tB7kj6xKN6KiCiQJhaEUXFurz7dc":{"chainKey":{"counter":0},"chainType":2,"messageKeys":{}},"BZrzAijvHeoVNTprJBnNjtHWGrS62bgxPTkSGzkbn5la":{"chainKey":{"counter":0},"chainType":2,"messageKeys":{}},"BaINb6LaQJTe/fCZ9N+TmMpoCcBKYH8zUinQxYw5V3sp":{"chainKey":{"counter":0},"chainType":2,"messageKeys":{}},"Bf9rnqmrzfrcxp/Xz5N6lvRSnDlogWOnslqta4jj5y9i":{"chainKey":{"counter":0},"chainType":2,"messageKeys":{}},"BQIX2iRNcWwyRHD11vLdHbYNaJxWgwcedq+vl+MFJUwP":{"chainKey":{"counter":0},"chainType":2,"messageKeys":{}},"BRig3V0gSLF9ESnmK3TADIkK3X9IgBq+iwpq9tMyYuwx":{"chainKey":{"counter":0},"chainType":2,"messageKeys":{}},"BaRrkAMRfKdbKtBRlshgxc7onS+R0jfc62AIaBiKh3ZK":{"chainKey":{"counter":0},"chainType":2,"messageKeys":{}},"BTr4ucTjvqm/7FaVgKxQYRjEl2wmCZX68f8/LILAVa8v":{"chainKey":{"counter":0},"chainType":2,"messageKeys":{}},"BTKaA5t7Kz0jC3BMMCt2CTi/5KJ0F35rtzNYMgXD0FAA":{"chainKey":{"counter":0},"chainType":2,"messageKeys":{}},"BdMpylra64KfKPdzxRemqEjMf8Nwi+2zMO+l4ZtC7ohn":{"chainKey":{"counter":0},"chainType":2,"messageKeys":{}},"BU+idz88qkjWBk9991U++s9cWtvPN86Rv9yfVUtx0Y4S":{"chainKey":{"counter":2},"chainType":2,"messageKeys":{}},"BeSxuYnLwSMSUgQgH42DNllT1VFqTllzoIEEBYAMWBJr":{"chainKey":{"counter":0},"chainType":2,"messageKeys":{}},"BfCisOHl8hG0HeMJ8umZbVjCa+d9RZm7tjcTrzZerMJQ":{"chainKey":{"counter":0},"chainType":2,"messageKeys":{}},"BXYCD1u6JvlYoADQg+paHXAP4khSs+zPTCpO48reiJpm":{"chainKey":{"counter":0},"chainType":2,"messageKeys":{}},"Bax5axO6YORCnaq4Gg6OmWHatv+FNlirQlabuwkmhQJO":{"chainKey":{"counter":0},"chainType":2,"messageKeys":{}},"BStEzqGQD1N/TrMLIJxtpkMjSDAlyVNFuBQlAfUbzXlS":{"chainKey":{"counter":0},"chainType":2,"messageKeys":{}},"BSnVc8n20pwnb1y+F8gVDAJmnwtFYZV6BDguOKYWbg5s":{"chainKey":{"counter":0},"chainType":2,"messageKeys":{}},"Bfc0n34uiHV46NJQGX3PKwoNjJbPDoL0YglHePc4gUMA":{"chainKey":{"counter":0},"chainType":2,"messageKeys":{}},"BRIzt7N3akbA8EwNqQH9dfMfC+KoyxxCww08hIqi04gW":{"chainKey":{"counter":0},"chainType":2,"messageKeys":{}},"BU3JmzNOcxFw0iS9ZN7XKUEBD/gbTL5p+1wFje9B7ytt":{"chainKey":{"counter":0},"chainType":2,"messageKeys":{}},"BU5Fq90ptfFAiTLostfIvCTXI5ha6oQ6SQADZ3Kb2IA6":{"chainKey":{"counter":0},"chainType":2,"messageKeys":{}},"BYuphO2JmDiB43zSV8FafHKlGd2i1mU6xuYvt7UWRh1r":{"chainKey":{"counter":0},"chainType":2,"messageKeys":{}},"BSa22LqLLHLbUqcgg1akDHMuLFOPVMo5Cye7Xtzoqgw0":{"chainKey":{"counter":0},"chainType":2,"messageKeys":{}},"BRG/V8VC66H0STGlIysf+H3XFCucmn2OJ5+EqdZu6fEi":{"chainKey":{"counter":0},"chainType":2,"messageKeys":{}},"BShoOvr0MxJpMfP893XJs4BDzFw+aHxFt8vnsDTesjss":{"chainKey":{"counter":0},"chainType":2,"messageKeys":{}},"BdR1DfJW+ELIIwIhqwvG0khYmIdvJFT6AXtp4l/kXRpS":{"chainKey":{"counter":0},"chainType":2,"messageKeys":{}},"BXQRNI7plzYWmbs7eCcSKPL8HAWiw7Q8YudkVr5YrjFn":{"chainKey":{"counter":0},"chainType":2,"messageKeys":{}},"BVhNR4MqfYHuisPBIIlwQHkMbBdv+Uo2csH2pUz65sgS":{"chainKey":{"counter":0},"chainType":2,"messageKeys":{}},"Bbia/1ju6Rng/8IbddMmX2pemTqXbMnfiTBhAHVQeCpE":{"chainKey":{"counter":0},"chainType":2,"messageKeys":{}},"BRzKTcTkX6PIKjm6V21FO+Pd4sUzNOFHe4WprHggyl89":{"chainKey":{"counter":0},"chainType":2,"messageKeys":{}},"BdPA3QjflYOAC2mZcak19/vOJUPavir8FTXPB3cnjPUr":{"chainKey":{"counter":0},"chainType":2,"messageKeys":{}},"BShZ9te564iRZoA+ne68XomQruYFVPhs3u35gfo6RYAL":{"chainKey":{"counter":0},"chainType":2,"messageKeys":{}},"Bd0KJh4n0ohD2zB3kUBGIIE6KYyisRp0J7PukBdnsWof":{"chainKey":{"counter":2},"chainType":2,"messageKeys":{"2":"lnokEJhCW1xI3XSvolU3rYtS2XghytS20vT8Gde35u0="}},"BVRlOTSuEcrCEEqNIkVz9ZlJcBDtWtF1nvJDBrZWCMo1":{"chainKey":{"counter":0},"chainType":2,"messageKeys":{}},"BdAHBNj76s/kKAk9Bc9C3hDOwiQ/3y1pbXbj+YbyPkhZ":{"chainKey":{"counter":0},"chainType":2,"messageKeys":{}},"BenWkKKgA77C00cdSQE5KcZPvMCLSkYJdu03B84f/8g5":{"chainKey":{"counter":0},"chainType":2,"messageKeys":{}},"BdERQc2xwOb4QeKmW2i67W8Fn/lMC9ClJTSWXjjtnIJK":{"chainKey":{"counter":0},"chainType":2,"messageKeys":{}},"BXub36pgqafJMuQgT11LdpJMtwe8svRB9J6IMslYxgke":{"chainKey":{"counter":0},"chainType":2,"messageKeys":{}},"BeDd0JGrE8cLw1n4XfTDZd0yBqI2RzWhCzHd5eVd0upf":{"chainKey":{"counter":0},"chainType":2,"messageKeys":{}},"BauG7wk5ErW6LECphCf9ycaIu/Mf1n5Dbpfv962M3s1G":{"chainKey":{"counter":0},"chainType":2,"messageKeys":{}},"BQIhef5GdRWzMJRXuotAfRXemdywSxuEPvulQmPUWusj":{"chainKey":{"counter":0},"chainType":2,"messageKeys":{}},"BRrWjAH6gpHm0bLF5+DeMbh8cOZomxdREBLrEZx1fNcF":{"chainKey":{"counter":0},"chainType":2,"messageKeys":{}},"BQNX7NFPqBvESDRV8Nlba4m8F9QM605o8N6u2pyvnIRc":{"chainKey":{"counter":0},"chainType":2,"messageKeys":{}},"Bfg/2SZa5wpyebgmbpOyTwIB5qONieD2DSQGiPb/ILFq":{"chainKey":{"counter":0},"chainType":2,"messageKeys":{}},"BSFMRxPXRDTFt9v5L0LoOQWzOI5zl/w+Ap/uZtKSQ71a":{"chainKey":{"counter":0},"chainType":2,"messageKeys":{}},"BeIpYUXLnNlrNRgquSihZT8K8O/H2Iig9nnOlqJlqJFj":{"chainKey":{"counter":3},"chainType":2,"messageKeys":{}},"BR00a46F3PECh7GPF4bdSGo8MZJBChKJ3HhshFO75Zc0":{"chainKey":{"counter":0},"chainType":2,"messageKeys":{}},"BXzFAGbl4ktOayDEiyCUFfEfETP2NuqTWrDBdummCOoc":{"chainKey":{"counter":0},"chainType":2,"messageKeys":{}},"BTi+7b1WSHYJo2BNEKVk+MztdbfIq6IMSugYlKoRt8Nj":{"chainKey":{"counter":0},"chainType":2,"messageKeys":{}},"BbJpYo0ROBjShYT9YBHtVc/98GmDmrfDHKLjvOOEuLc9":{"chainKey":{"counter":0},"chainType":2,"messageKeys":{}},"BRp4/XuCMalQs5vKNRUsvpXM3LDSXkzG4f6gPbUtP8NL":{"chainKey":{"counter":0},"chainType":2,"messageKeys":{}},"BVxvxzCdcbQqY2567ext07JL4k+LY3ABopWGHDqvCD8b":{"chainKey":{"counter":0},"chainType":2,"messageKeys":{}},"BdpM1uaENqTKd56c/91/CmfoCPjz2lzve46Zgqqa8u9L":{"chainKey":{"counter":0},"chainType":2,"messageKeys":{}},"BbHO4qUMn31oVO+hcKtjBYJGyz7uRNQJBfqQQs33dx0V":{"chainKey":{"counter":3},"chainType":2,"messageKeys":{}},"BTdXjxslqMd5KLB2nRbints378uM8ZyzlIekqN1Jph53":{"chainKey":{"counter":0},"chainType":2,"messageKeys":{}},"BXY0jYy/vy86Rwi6R+kjPpuWyo6tFUat5pOhvwNr+ndZ":{"chainKey":{"counter":0},"chainType":2,"messageKeys":{}},"BbCPpOxLE851gjtIsIxbEX7u3dIpFYuUnknde2PKLqk9":{"chainKey":{"counter":0},"chainType":2,"messageKeys":{}},"BYE8+B3hFUWHkFJ0Sa62vcLVEn4T1KtnjUO1Z1Pv5V03":{"chainKey":{"counter":0},"chainType":2,"messageKeys":{}},"BRZiU5zga1E28vwAcQPvQj49yP50p4ZNu87BjQmtnYJL":{"chainKey":{"counter":0},"chainType":2,"messageKeys":{}},"BSOAtdXtb3S48FZsMYeDQlXONc0qVYMl3+yghwGbZrQ5":{"chainKey":{"counter":2},"chainType":2,"messageKeys":{"1":"8wi2x+WB728oUJOcVrwyVSZMdz5AUmVQYkr+J4F3vNQ="}},"BUHwgIzqaTIuI6Lu/HxgEo4oR1MIa/8bG0MU2UkKyYEb":{"chainKey":{"counter":0},"chainType":2,"messageKeys":{}},"BUobewgx8yuuZLbzOf0VCG1caz2TMEXdxBDivB+VDgld":{"chainKey":{"counter":0},"chainType":2,"messageKeys":{}},"BeGT7Lx9sflX3pIR9iwW4Ec3qpYaLfsFUCIVh2MSH4BH":{"chainKey":{"counter":0},"chainType":2,"messageKeys":{}},"BWfn7ElvPERF8fjT3/UbVJQTxtxf6dEfZsi6rKCVAJwm":{"chainKey":{"counter":0},"chainType":2,"messageKeys":{}},"BXQNqO3DjsJ8ySmqriMwPlk48kqQhRfW2qMmi78R0A4D":{"chainKey":{"counter":0},"chainType":2,"messageKeys":{}},"BSRyKsxv4MzmBBmDxPohBiWsrOSnwkBYoPbDDtuBY3BV":{"chainKey":{"counter":2},"chainType":2,"messageKeys":{"1":"UlFQxAZy+eRcxmbHc54aQLYXa5KCjM93Q9xBGsrC2Lc="}},"BZsBSn9W5K1D6VKLq8Jrjdm7a6pNaTMQXl0Md9lopRFr":{"chainKey":{"counter":0},"chainType":2,"messageKeys":{}},"Ba8Qs8q+7Yqs2Zm7an6U89iFXu81pcLxzEqiqLcQfftg":{"chainKey":{"counter":0},"chainType":2,"messageKeys":{}},"BQK6l8RWnsaS8GZINMr9cPuvTQXbv8RDnNW1E2MCQX4c":{"chainKey":{"counter":0},"chainType":2,"messageKeys":{}},"BRJFiHN5NRYGk7NWE/LleSFg61vhoe51lepDva5EoZkN":{"chainKey":{"counter":0},"chainType":2,"messageKeys":{}},"BTqVKJ8slhcBjoLbnP/UANX3NFj8VgS9/7+H4UcGp5EJ":{"chainKey":{"counter":0},"chainType":2,"messageKeys":{}},"BRRfjR3DPiMZ+1I/WRNC3riylSy0QREGRQ7mc34RovVh":{"chainKey":{"counter":0},"chainType":2,"messageKeys":{}},"Bdju+33Mh7gp183uG+BuuJMWcSTRbBPbXIX2QAM24XFX":{"chainKey":{"counter":0},"chainType":2,"messageKeys":{}},"BesrfwnkGeUEChvA6mFau1s2HlyGODxUtj7UkhsUdPME":{"chainKey":{"counter":0},"chainType":2,"messageKeys":{}},"BfmilDXE26JKJnaygSwF+QQ4kut9czGdLRtJuMeRSvUX":{"chainKey":{"counter":0},"chainType":2,"messageKeys":{}},"BbUA6fQjAqdfCoJgUzjyhIxE+rXQbOFxD+itNag2eyMR":{"chainKey":{"counter":0},"chainType":2,"messageKeys":{}},"BQuFj8ojLYnJFwq8wbvRaEKS15kZEHvZhbtDuUlbSj1k":{"chainKey":{"counter":2},"chainType":2,"messageKeys":{}},"BTPS+wJ9ysdBVSU4h9Mls7hwFgHVgwRuHF+V0KTTVioa":{"chainKey":{"counter":0},"chainType":2,"messageKeys":{}},"BRxZENjT7Q8jYK/6kle3s68UWqFlXyYLQ5c0Izn8WpdN":{"chainKey":{"counter":0},"chainType":2,"messageKeys":{}},"BY3zxjJMuA9Vdi3nRGXixn2bmGY77xU88/oZWEnDeRJQ":{"chainKey":{"counter":0},"chainType":2,"messageKeys":{}},"BfsPx84gOlEuEgmCNIyfOJaTHeSs/6jWRSsoWqjUKypw":{"chainKey":{"counter":0},"chainType":2,"messageKeys":{}},"BeBM9SQH0j84BceuS1aXktg/HkMRkvHPJ9gSLGxENTA/":{"chainKey":{"counter":0},"chainType":2,"messageKeys":{}},"Bc1Ox8v9xgDpK5lLbNawz0IuDa0p/RZSrn/nTxzoTpVQ":{"chainKey":{"counter":0},"chainType":2,"messageKeys":{}},"BWXIs7Qc3qzBa24sbXetVt5HDELreFNDzwjuzB9zch4L":{"chainKey":{"counter":0},"chainType":2,"messageKeys":{}},"BfEJzllbJOt1lubs1Vf0IRZn7eRyPX5EXlVLzMntMGFZ":{"chainKey":{"counter":0},"chainType":2,"messageKeys":{}},"Bcjw+vNoMy6ylv2nmRUmWwuqeCSygTg0O8p30d6G6dkJ":{"chainKey":{"counter":0},"chainType":2,"messageKeys":{}},"BVVziiKsyV2pC2xLl+NFw+mHttkX1J7T//qtl/dd/99h":{"chainKey":{"counter":0},"chainType":2,"messageKeys":{}},"BdZmCH5i/lXe6tw42jYWLzEet7IIdduGehFtSVtG8K8V":{"chainKey":{"counter":0},"chainType":2,"messageKeys":{}},"BYVdTNdoN0AwX5/cLYFUMur6qTimTiOZNHxEH58AFLNJ":{"chainKey":{"counter":0},"chainType":2,"messageKeys":{}},"BaJRC81hcw0TdjftSjnSJ8bziaG6UT7h3yYYKl4xlsV/":{"chainKey":{"counter":0},"chainType":2,"messageKeys":{}},"BTu4EsScN1dOjYj648tq4X8O5spxTXuDzAoy/KXw3W5K":{"chainKey":{"counter":0},"chainType":2,"messageKeys":{}},"BZSG7HxHhwBrDJdcOZBLegMLt7KysmYSRcw2gzgf+Zhd":{"chainKey":{"counter":0},"chainType":2,"messageKeys":{}},"BX1J+b5eWWPbl0IdhfCNqEn8Oxoc5CF689yl7LWjnVI/":{"chainKey":{"counter":0},"chainType":2,"messageKeys":{}},"BXLIBVKeTghxvW+tz146Kiem0TFGQwjf7u0hJIonr0V2":{"chainKey":{"counter":0},"chainType":2,"messageKeys":{}},"BendgEUnSnbtIx87gsvE19c8CBq6YW/AoZVefuEjT5hh":{"chainKey":{"counter":0},"chainType":2,"messageKeys":{}},"BaO4HLBCP80rO0VDDHN+lDsGOSzl8NFHdambz+zlrutU":{"chainKey":{"counter":0},"chainType":2,"messageKeys":{}},"BZI5W7Kp+UgXHGAwBBwEeQ6SV1m/L8SVWbrMx3OuIqcT":{"chainKey":{"counter":0},"chainType":2,"messageKeys":{}},"BYkBFjDVcqvLHANL7QfoeKwJAixrc9lFL6ntD8MejgIY":{"chainKey":{"counter":0},"chainType":2,"messageKeys":{}},"Bb3uW5ac3CrEblelibRipRwFESckMvsVu+dcxbvP7oQ/":{"chainKey":{"counter":0},"chainType":2,"messageKeys":{}},"BbgR3gT94ged0m/R8ESKWQnO2KFoSCM4v9DsHstmxJ1K":{"chainKey":{"counter":0},"chainType":2,"messageKeys":{}},"BR436XWxUFBvxwARgLZrmioIPoqK7+EwgNAPuzDK61EW":{"chainKey":{"counter":0},"chainType":2,"messageKeys":{}},"BeWGEPGqkYw+NS33d+IYJy+qZllTmoGCbAyuN87RPCkE":{"chainKey":{"counter":1},"chainType":2,"messageKeys":{}},"BXSYPqLihlubLv6a1lsqanjrb+9zhnNikWbEni/9hh1z":{"chainKey":{"counter":0},"chainType":2,"messageKeys":{}},"BQf2KU3jgYrRkQkKRJ4kCIC8KQw8w5K/7oyogXvD+c1d":{"chainKey":{"counter":0},"chainType":2,"messageKeys":{}},"BcXmkLk4iAWMtfD5advrJzFQYRn4YiBVAsKziKHc3UpW":{"chainKey":{"counter":0},"chainType":2,"messageKeys":{}},"BSDRse+KBj8uvsNsPaVvjuViPNWiIGtXUqemwKm3JapE":{"chainKey":{"counter":0},"chainType":2,"messageKeys":{}},"BbFJZtTKFgpi71+9cfUhX3nNMsg/TGMtw0sZLzdEMVwk":{"chainKey":{"counter":0},"chainType":2,"messageKeys":{}},"BVz7NK3KZvSjpKGAGAmrBY1LfOQxbtvSSZuduH90IrMv":{"chainKey":{"counter":0},"chainType":2,"messageKeys":{}},"BaCjC9UMcZrQHXTfNqqZJ5Pt2idhw4CKnv4+YjHdTZRF":{"chainKey":{"counter":0},"chainType":2,"messageKeys":{}},"BUq/lNY9wTKSRaxSD6fOO174BRUkHZXdkwCajm+Rw6kG":{"chainKey":{"counter":0},"chainType":2,"messageKeys":{}},"BS4tuvhZp6KYR+1SpbDQ9ShofIJCFM4+YrmU45Pa+fkh":{"chainKey":{"counter":0},"chainType":2,"messageKeys":{}},"BY5ppTd9NnXt/dAiZEkpaJ7zG1Ft7FSWtaNYo2glQVIF":{"chainKey":{"counter":0},"chainType":2,"messageKeys":{}},"BT5jZTFyZ5vH4fUWGa7qqb1Jhgp7s3m2GQKVWEoT0KEL":{"chainKey":{"counter":0},"chainType":2,"messageKeys":{}},"BSoOl8OUk5N3V5PC/qbmYfeYgFdrMlKRCrjfF/aavw4D":{"chainKey":{"counter":0},"chainType":2,"messageKeys":{}},"Bd4R8ILYqndcEpa6UKNhuW63r/yW9AT+KIrkzJLgtfBJ":{"chainKey":{"counter":0},"chainType":2,"messageKeys":{}},"BXCG3f5uqEkk2GX5VgStkzHnDswzzcl63ap7dab3BcgA":{"chainKey":{"counter":0},"chainType":2,"messageKeys":{}},"Bfxk3PKsKf1FVO27CfGWd2N8znc+nUCw7XrzN5nllfMr":{"chainKey":{"counter":0},"chainType":2,"messageKeys":{}},"BfC0r6e4zJSshYlBczW5TJo5LU/hUQNWenmXNHVxxvxi":{"chainKey":{"counter":0},"chainType":2,"messageKeys":{}},"BafxQy2lNrxqEqgxkX5MJ6ePtqAjRohLge9QzC0VqyIi":{"chainKey":{"counter":0},"chainType":2,"messageKeys":{}},"BbksEgW1LJnLJZT3lkZjzY1Mfp+dhQHbgC7Ev2hHm0Ih":{"chainKey":{"counter":0},"chainType":2,"messageKeys":{}},"BXzrsL1dOGMY0dOBvnBTm4nkvXgOnA6w+KwELQpZzkwN":{"chainKey":{"counter":0},"chainType":2,"messageKeys":{}},"Bd8wtIAlod4h5slXmZ73/EU+pz71dLgrj30pSdXLYD4v":{"chainKey":{"counter":0},"chainType":2,"messageKeys":{}},"BYaSRVrC1U/n5di9j1gYDF8sRUvVo2InB/BnegvTFlBp":{"chainKey":{"counter":0},"chainType":2,"messageKeys":{}},"BYSRvvY38HkaUtmmH3zXIR0XFaZogD6sl1N0w0dbq8ox":{"chainKey":{"counter":0},"chainType":2,"messageKeys":{}},"BUwdFWm8lyfY0XBuFKtfW6jGNP3uuKuYXd7CqB8pJnUb":{"chainKey":{"counter":0},"chainType":2,"messageKeys":{}},"BV7gQ2kMIPDmQESeCsJf5H5MSk1/Mapr2kxE8vOoS6l8":{"chainKey":{"counter":0},"chainType":2,"messageKeys":{}},"BTKmVLF1PSYfWRMm/DV9nJwIJtrQhK0Hj5i7mH29Msg3":{"chainKey":{"counter":0},"chainType":2,"messageKeys":{}},"BUiwHzhBP2hxlGoA1tQcFMq+F6D+W4hk8yzKm72PnKxr":{"chainKey":{"counter":0},"chainType":2,"messageKeys":{}},"BdXULciulDHzIsrvqAdqj5qQpXnYGlHNWREuTh+WeWk8":{"chainKey":{"counter":0},"chainType":2,"messageKeys":{}},"BRi3cQgxxMc17BLxr/8Uq/b3XjaJ1DiRSojOMb9UItR9":{"chainKey":{"counter":0},"chainType":2,"messageKeys":{}},"BRxRH0NCpUbiMCHDD18BM6dnSURMspO2Qxf2nxgKpOlH":{"chainKey":{"counter":0},"chainType":2,"messageKeys":{}},"BdMC0yOxPDzopzsazMGdNlSZDDFtyyYeCsuelf3ldaYF":{"chainKey":{"counter":0},"chainType":2,"messageKeys":{}},"BTZ3PHVh13l8AcPIAHmb8GA6f6BcldE935QcwZByI1w3":{"chainKey":{"counter":0},"chainType":2,"messageKeys":{}},"BUSsOgaC0aVKQIUBGKoaFNkESDA1xBJKxjTn+ozn6KtS":{"chainKey":{"counter":0},"chainType":2,"messageKeys":{}},"BdQMNIbZXrSh4gHHJSdVeAEpNTqyTArZNAkmpET6nRB2":{"chainKey":{"counter":0},"chainType":2,"messageKeys":{}},"BUZMH7xiT6IupgwPsv1Cpuew9XwZSSGc1hJ+kj/lZVBH":{"chainKey":{"counter":0},"chainType":2,"messageKeys":{}},"Be+RFtNlT8pVrPSBr538CJctYnW7gqNU2bE6ByL907k+":{"chainKey":{"counter":0},"chainType":2,"messageKeys":{}},"BVTIaPZ17kRL2iJPXOk9fEbPYEMf4sHId/LNpUS8A8Jv":{"chainKey":{"counter":0},"chainType":2,"messageKeys":{}},"BYXVmdsqY/zl7F0qKxHyaUbGPADaJLmx4QcJUXSqHhl/":{"chainKey":{"counter":0},"chainType":2,"messageKeys":{}},"BRIwC0K0PjvCEFBUBxmewyPHppQcsCkvccN8P1UdzxYT":{"chainKey":{"counter":0},"chainType":2,"messageKeys":{}},"BUNrrJd4qAIiM2wQJOmcnkaOxlib5QCtjFiumtEEDOsU":{"chainKey":{"counter":0},"chainType":2,"messageKeys":{}},"BV4dYwDxiIdkJ3J9UEIrndoCsJn1lejVVTC/Xg39BKsY":{"chainKey":{"counter":0},"chainType":2,"messageKeys":{}},"BRRAG6IC3WlB9XNGQzyED+zZpZKC6n0Bv3N95loTAv9d":{"chainKey":{"counter":0},"chainType":2,"messageKeys":{}},"BTf1xcXT2fu8KdmfLKTchV+bKwMr9J+452odFTQSiLYm":{"chainKey":{"counter":0},"chainType":2,"messageKeys":{}},"BZa+N9fB830PizH/efrPs6iNTS6cNld8ATnU0C9Z7for":{"chainKey":{"counter":0},"chainType":2,"messageKeys":{}},"BWxBVj7QSbKi8Rp5BQFlnHSqlHTM3m2Oy7tVJUTi9bQ/":{"chainKey":{"counter":0},"chainType":2,"messageKeys":{}},"BYKXhkOaSwmunIi/qisxrZ7kD+OGuYD2lRvqizJTR94v":{"chainKey":{"counter":0},"chainType":2,"messageKeys":{}},"BcM3vImsCu1QPnLHq9iUb5QpPE4IOokQH1RqykA1T7lv":{"chainKey":{"counter":0},"chainType":2,"messageKeys":{}},"BcbP6dgk7TwQJxNpYanaKqPSDhp/It1rvK2de8Li2hZ3":{"chainKey":{"counter":0},"chainType":2,"messageKeys":{}},"BQ0iypjWOM7aYqJnlbnWBAlysDrceqqhb6nTOIePXvkz":{"chainKey":{"counter":0},"chainType":2,"messageKeys":{}},"BcYWjwd9NzPhlU2dU/m0ZeZUSnEILLAB9JfRMD6RKX8O":{"chainKey":{"counter":0},"chainType":2,"messageKeys":{}},"BUp/dJxpd6oRp8Q0jNxfl+6PAtvPwGqLVUxBUPDrX1wd":{"chainKey":{"counter":0},"chainType":2,"messageKeys":{}},"BVOD3vo9uIt0QRmhdaGg8ejLAIPFG3kqqmLa79EsIagJ":{"chainKey":{"counter":0},"chainType":2,"messageKeys":{}},"BXjEeIoiqkYWTw+LgvFy5YrMp+joJ7dHkNsZGh6WsXIw":{"chainKey":{"counter":0},"chainType":2,"messageKeys":{}},"BWrupFSUJxn94S3PEg7XlrN7qq3ExrqJDyzkLoeCAgxh":{"chainKey":{"counter":0},"chainType":2,"messageKeys":{}},"BSA/t6JLyVOBxJWrKx9IQHuf0n3iOv+K1Yew/1EuUjMh":{"chainKey":{"counter":0},"chainType":2,"messageKeys":{}},"BZngDy37nFZxYRz3lsO7M+1kbVhyG9tVXksqHuHMRjZp":{"chainKey":{"counter":0},"chainType":2,"messageKeys":{}},"BcNrGICYelmkFP/V2fCtfh+M/zO7ampiG+E5YfOWcapW":{"chainKey":{"counter":0},"chainType":2,"messageKeys":{}},"BY05RY7PijVNyKA/VuvUS44jWOc0XjLL1mcBeX7kRjBC":{"chainKey":{"counter":0},"chainType":2,"messageKeys":{}},"BWFgwckrl8yhyqWT4y6wVfZdtqRNqVB3EmOzeU/PHyUj":{"chainKey":{"counter":0},"chainType":2,"messageKeys":{}},"BaGwWi/HZ3+0dUpsK9X+fjPqK+RigCcd3nZ/iCo++XM1":{"chainKey":{"counter":0},"chainType":2,"messageKeys":{}},"BY7jJi7M1YNV5jvSUQSUntpVBKGGQcg90rf8sNNOGoUG":{"chainKey":{"counter":0},"chainType":2,"messageKeys":{}},"BR7jlwvlX2y6C9+SVr7IKVs2NURhAVzVoMQV3wEExlIF":{"chainKey":{"counter":0},"chainType":2,"messageKeys":{}},"BW+2eZ+vbCxF+65GTEf5ECrzatGF1GtNqUriR9ynYHY/":{"chainKey":{"counter":0},"chainType":2,"messageKeys":{}},"BcwqrB8aAhKNE5NjuHKgOlmeIMIJNyjDQI1h/72Ox0hc":{"chainKey":{"counter":0},"chainType":2,"messageKeys":{}},"BRHKI2AdD/MfRR4vqDcLtagnQjqz66d0OWXYHnrfg1Uk":{"chainKey":{"counter":0},"chainType":2,"messageKeys":{}},"BXKSkfZ1MrwzGV8/bAufklUS3Oa7L9cbjwfcvUF3CZEa":{"chainKey":{"counter":1},"chainType":2,"messageKeys":{}},"BVxpBMoqxUu6hjYMxslkvAObv/LypLME7x/h6Fid1Jdo":{"chainKey":{"counter":0},"chainType":2,"messageKeys":{}},"BWjSmcSMui9ILMy2QPXncVGWTYpb3Gvyu22Q8PKiB4ED":{"chainKey":{"counter":0},"chainType":2,"messageKeys":{}},"BcqgCRUT+0YqIOMi+ik8YbrL1ct2Qyc7WK1bK7OfH7x3":{"chainKey":{"counter":0},"chainType":2,"messageKeys":{}},"BWG8yqPe/i+e8cowo69JxJRELZKopGtZUbUMZXtAqpY1":{"chainKey":{"counter":0},"chainType":2,"messageKeys":{}},"BecgmBDU7i3uXkuN8FQz1XpIV/krJXOha9D5qL/B60EU":{"chainKey":{"counter":0},"chainType":2,"messageKeys":{}},"BVfmS5i3k2WNVq9pXYq6T18hFoKmfb6yFb3KQb1PbvsR":{"chainKey":{"counter":1},"chainType":2,"messageKeys":{}},"BX/C77v53+iwtMfB9eplqrHRF1J3C/wfnYCP1hGK5Fsg":{"chainKey":{"counter":0},"chainType":2,"messageKeys":{}},"BUL2lKWkdgvRBjAeO0eFOelVPuWhQA/TXxXtVuJi219w":{"chainKey":{"counter":0},"chainType":2,"messageKeys":{}},"BVp4fTcP3WOYBeDdbEw9JVxo4uvZZgTR646ie4eLdKZT":{"chainKey":{"counter":0},"chainType":2,"messageKeys":{}},"BbDxKrNTy7LClcQ9odYHBFpN0NodoypiwPsVxLvQpbAn":{"chainKey":{"counter":0},"chainType":2,"messageKeys":{}},"BZ3guf3DJOYdN/iulYq5W1lemmdd0ebButgc0ym/3J5N":{"chainKey":{"counter":0},"chainType":2,"messageKeys":{}},"Bbxf7bOMVlW35QdkA3npQJ2gxNuDmn1mqCKZ4Hpdmdd8":{"chainKey":{"counter":0},"chainType":2,"messageKeys":{}},"BYPNyV1ZCqu0sEh7Ya1+7SZKYIkp1bTJqROp9O/G9cg+":{"chainKey":{"counter":0},"chainType":2,"messageKeys":{}},"BQ0lXt44URlTmuw6h2GXitRIbavqF395WQR3KC6zgA9v":{"chainKey":{"counter":0},"chainType":2,"messageKeys":{}},"BVF5CoUmjWdyRtHzZ916u/t5RRnVGR2EZU5v9AzWnPYf":{"chainKey":{"counter":0},"chainType":2,"messageKeys":{}},"BfIp5wmR+9MRr12GU0KXDG0fNW5TC39GaMxmM8bQ+b8b":{"chainKey":{"counter":0},"chainType":2,"messageKeys":{}},"BZQwJTbwAAoy99veTirqE7rl9CDoN7DvbKUwlbN6MzRR":{"chainKey":{"counter":0},"chainType":2,"messageKeys":{}},"BZ4IsL+glm7MasrD0s4HSxg+0WPSUnRodeWsq0vasQNf":{"chainKey":{"counter":0},"chainType":2,"messageKeys":{}},"BTcoLdVGos8o5hJSip6yaADEIXRz0oVrfg85JQcHsPoJ":{"chainKey":{"counter":0},"chainType":2,"messageKeys":{}},"Be2PpgDZNeU+fDwxzT3+LBDYk8HK4t2NqtMRTL9AXl5H":{"chainKey":{"counter":0},"chainType":2,"messageKeys":{}},"BZLHDmQRMu0e6l+/0lfYATf5Oiwy8oGRxiHDyz/VQDJj":{"chainKey":{"counter":0},"chainType":2,"messageKeys":{}},"Ba9AWe3JSkE9dV4+/P7C/qUiFVbFJvxjreeiPFYLVztM":{"chainKey":{"counter":0},"chainType":2,"messageKeys":{}},"BX33zrHjwRCDF4jwcxzVACbU9pttdoHHI8FKRDEfok0S":{"chainKey":{"counter":0},"chainType":2,"messageKeys":{}},"BcTR0cUQZ2stZrZvElzUH9ZQSP/ANbzAKtVg8cWT/3En":{"chainKey":{"counter":0},"chainType":2,"messageKeys":{}},"BQizxLtoaQtngBtIaj/m2ec+NQRggl+EWlvVczCDaH4I":{"chainKey":{"counter":0},"chainType":2,"messageKeys":{}},"BbGCndTRgG/cQ+gJMcpzCNkLDsHalTRjoX5i5fsOBspf":{"chainKey":{"counter":0},"chainType":2,"messageKeys":{}},"BWegZLmVrY27crmFXpHkm5Vg+ZOosVtULfoxe8cJfas4":{"chainKey":{"counter":0},"chainType":2,"messageKeys":{}},"BWK1EbzHKJVCLamDe4G4ddIYPp7EGVjI2UkETBlCDY0H":{"chainKey":{"counter":0},"chainType":2,"messageKeys":{}},"BX2z7QFVgaGvHbnXrOGsr9f05fVK5tJEbyPDruJpPUAQ":{"chainKey":{"counter":0},"chainType":2,"messageKeys":{}},"BTGqPTtXeeV52wYlupinxm3vxcbkIjEzVliYSWnJUDl5":{"chainKey":{"counter":0},"chainType":2,"messageKeys":{}},"BaNyPSYsLueC/tF9L+94wYHAaj9S7WGJ5zymdzjb09Vs":{"chainKey":{"counter":0},"chainType":2,"messageKeys":{}},"BXw53njXY3Y2Va+l1/2vyocxRWm48GWoE7yKdorGq/Jv":{"chainKey":{"counter":0},"chainType":2,"messageKeys":{}},"BRmsvIw1fgCwA77gDqJpXZ3wc1j4yo3AuayGTz9l7Ehz":{"chainKey":{"counter":0},"chainType":2,"messageKeys":{}},"BZjWsTe5G3/9O8Ntdd+SrzDmhf/mMxgl0Zn8yIG1ac8y":{"chainKey":{"counter":0},"chainType":2,"messageKeys":{}},"BbxCctvizEqZNok/iJLstVFSybAdDzhmcWtuQy4RYJYy":{"chainKey":{"counter":0},"chainType":2,"messageKeys":{}},"BS/lkpxJLop5w7U2nzBHbPSJYJ7/ZsvB0yHqdDYIQdJR":{"chainKey":{"counter":0},"chainType":2,"messageKeys":{}},"BbK9FQnwv5OufJFLNcInISlu020056QAdIMfZujBI8gA":{"chainKey":{"counter":0},"chainType":2,"messageKeys":{}},"BWQ9T3L2wsq2i9jL6YQvhC+JowXOIFzdPWxflunv7CwO":{"chainKey":{"counter":0},"chainType":2,"messageKeys":{}},"BcJUXOecJLPiyoCPQIjULrKNJ0TQE7nhSGlmic8UxEhd":{"chainKey":{"counter":0},"chainType":2,"messageKeys":{}},"BTCNhH+76ayUCr0++fa7NEwoEmyqd6sfEsQZ5OTUpNRI":{"chainKey":{"counter":0},"chainType":2,"messageKeys":{}},"BQ7UAKopc856OuqQnX6vME3Xhd8ic+krKjnD3+d19v4z":{"chainKey":{"counter":0},"chainType":2,"messageKeys":{}},"BfolXn+lEApSbIGn/yeb/qLtY9CXDSyCwucnJLrazU52":{"chainKey":{"counter":0},"chainType":2,"messageKeys":{}},"BQFZApddXp0oVuCN/mQYEDW6wNfTEvaMUNFiHBn9J+Az":{"chainKey":{"counter":0},"chainType":2,"messageKeys":{}},"BcoFLd3FpUgbQGABZAWz1VIuroYRnp240KcKQdKJT1NX":{"chainKey":{"counter":0},"chainType":2,"messageKeys":{}},"BVtqJUVdzjToMI1WugeYzRXF4Rf1k2g5BTy1RisI77pa":{"chainKey":{"counter":0},"chainType":2,"messageKeys":{}},"Bec6VPfYPrF0j+27DpR/FB7VtB+anyfASmqKCZZPcG5u":{"chainKey":{"counter":0},"chainType":2,"messageKeys":{}},"BSagom3g+oHMqBMioKJY0HY/YqMqMl7FUpe6oWW0vrRk":{"chainKey":{"counter":0},"chainType":2,"messageKeys":{}},"BYzesJV4NIraV+Xa05YJhB1DDPT9biRDNNnjMGhFYf1a":{"chainKey":{"counter":0},"chainType":2,"messageKeys":{}},"BdDIluinppUIwBVfXrg1+x2JO8cz8CAySTVz5Dj4+O5T":{"chainKey":{"counter":0},"chainType":2,"messageKeys":{}},"BcKzzDWpuFcxANOfTwaObEhIhFQX+VmbbA/IrwHuZlNo":{"chainKey":{"counter":1},"chainType":2,"messageKeys":{}},"BWv3ecOcu0ix+JHixrfuI9ypxRzuPm1byLZJBrlcENEU":{"chainKey":{"counter":0},"chainType":2,"messageKeys":{}},"BZj3vITiWM1PHWFMJA6EBa6HSkvbMfzdMCQRQ1AvAPdH":{"chainKey":{"counter":1},"chainType":2,"messageKeys":{}},"BQR2azg+1+gXAo4s2eLvcTYDaU3s2m/HzGKVIB0J+iBg":{"chainKey":{"counter":0},"chainType":2,"messageKeys":{}},"BUUADwvq9LjgtLp/TpQs0FT+V7zVtMKaZ/S/DpRoBLsL":{"chainKey":{"counter":0,"key":"ETHHNuvd0dRF1dNG/PMl6bMxfJOI9WziSvYdcuEM49c="},"chainType":2,"messageKeys":{}},"BQpp161lznVU7VUn1rMSl2JM+bdlFyAgQP2aRBQXJsxW":{"chainKey":{"counter":1,"key":"CnxHBr39K7uaaf+N0oTdR5lo/BqkeGxMOA9B4/Z7YbU="},"chainType":1,"messageKeys":{}}}}},"version":"v1"}