{"_sessions":{"BT7oHg4UsxT/uR5fdE3FVzSXIV24SUce51l1uwELlBNq":{"registrationId":1799898208,"currentRatchet":{"ephemeralKeyPair":{"pubKey":"BcxACVKDSpnL7NwQ/NMKq+pFtgf2e1GEcFfXWGkrSCwC","privKey":"sMeR7+E5oSWChDJ1ipJ8BmQUd1DIiyz91FSgqSmD5H8="},"lastRemoteEphemeralKey":"BdrHbYSh/2OINqFG95jYkzyowc1cbS5upvSbSOa80X1n","previousCounter":0,"rootKey":"3IkvoJxUWdGYZp7vDwtDrO258cLDT8oo7QLFbjzKW5c="},"indexInfo":{"baseKey":"BT7oHg4UsxT/uR5fdE3FVzSXIV24SUce51l1uwELlBNq","baseKeyType":1,"closed":-1,"used":1717967332662,"created":1717967332662,"remoteIdentityKey":"Bc4W34PHZZ/pwXxWIGzbw41/ttpUXr/JzZAhu/LdFMg1"},"_chains":{"BcxACVKDSpnL7NwQ/NMKq+pFtgf2e1GEcFfXWGkrSCwC":{"chainKey":{"counter":0,"key":"nxpn+/T1N3yyiJDBTVJqNtTGaWQHUhEayvjCCcqEHuk="},"chainType":1,"messageKeys":{}}},"pendingPreKey":{"signedKeyId":3,"baseKey":"BT7oHg4UsxT/uR5fdE3FVzSXIV24SUce51l1uwELlBNq","preKeyId":79960}}},"version":"v1"}