{"_sessions":{"BcPboTV5pwfve6RTevQgYYaCvud/9hhwvSMz0LoeFRxD":{"registrationId":642003682,"currentRatchet":{"ephemeralKeyPair":{"pubKey":"BR3ht7S/Dytq2FzfILtDyS7Pm7mbcFipY/dK0oLvuQ0s","privKey":"WF5Neae13/3bwVJVu1R4VX1L7adrVyqvKHw9OIHlrVQ="},"lastRemoteEphemeralKey":"BborO2jtv9TF/HeryIiuOCy7e+W2BJaGkD/6R5t4EQE7","previousCounter":0,"rootKey":"0zGlbGTAgPCQeZsfEh4mKgx9bNVNt7zlxuC1KclDm+c="},"indexInfo":{"baseKey":"BcPboTV5pwfve6RTevQgYYaCvud/9hhwvSMz0LoeFRxD","baseKeyType":1,"closed":-1,"used":1717967332658,"created":1717967332658,"remoteIdentityKey":"BcyzAFLhqaa4PAo691THvFOSt4s3pokY2bRLgNP6X3Vd"},"_chains":{"BR3ht7S/Dytq2FzfILtDyS7Pm7mbcFipY/dK0oLvuQ0s":{"chainKey":{"counter":0,"key":"TG7dPqAbv9VawZQ+PRA6qRqrKpXs0oDmO7x/1gwIgJo="},"chainType":1,"messageKeys":{}}},"pendingPreKey":{"signedKeyId":1,"baseKey":"BcPboTV5pwfve6RTevQgYYaCvud/9hhwvSMz0LoeFRxD","preKeyId":8416258}}},"version":"v1"}