{"_sessions":{"BUIEM4A6zI+3jaMIZCo4hvGdX+yViHqb3OctSH/oYqA7":{"registrationId":1799513727,"currentRatchet":{"ephemeralKeyPair":{"pubKey":"BaPHtHXQOHqzK7PN9IM+MK1STenDOciwHw+kuyqLD+VA","privKey":"QN4O3DWYQSiW3GHHtfuIDLh4o60rLqZzy4C58tPtXlY="},"lastRemoteEphemeralKey":"BclkF+6EV1m+Z9IA26N8e8hX/DE1aCtPcVD53Z/7AlxL","previousCounter":0,"rootKey":"0CtNAr5hctDZ/u6eeylX8ecUHlFAhK997NOrE6re73Y="},"indexInfo":{"baseKey":"BUIEM4A6zI+3jaMIZCo4hvGdX+yViHqb3OctSH/oYqA7","baseKeyType":1,"closed":-1,"used":1717967332608,"created":1717967332608,"remoteIdentityKey":"Bdn/toFXPjEE/BQT83lanNLQP2SndBe4psN/betMuEkb"},"_chains":{"BaPHtHXQOHqzK7PN9IM+MK1STenDOciwHw+kuyqLD+VA":{"chainKey":{"counter":0,"key":"cbJwR15kqg0Yl7xzjMOgquL6E8rb80qhtW5yWlFxyt8="},"chainType":1,"messageKeys":{}}},"pendingPreKey":{"signedKeyId":2,"baseKey":"BUIEM4A6zI+3jaMIZCo4hvGdX+yViHqb3OctSH/oYqA7","preKeyId":5978904}}},"version":"v1"}