{"_sessions":{"BW8hdbHLEPHbLxvrJk78jWyNuKx4/GW520TbbhvcF0MK":{"registrationId":657542726,"currentRatchet":{"ephemeralKeyPair":{"pubKey":"BRL3JqZwJkcXaITxKcXGsZGFKOlBf0HGZci4KXeedREi","privKey":"4MTV72H+YL8VYgyeBzWXTcMsCrwPfRwzSjieOo0BL1o="},"lastRemoteEphemeralKey":"Bb7fi8vM+5wAEjEobnMHYLV99hsdoSUoyAizgJuVWeZm","previousCounter":21,"rootKey":"Zy4arCUjJB0ex4vJw0Tb+rIBfl5UHX5i67dJWzWMjPs="},"indexInfo":{"baseKey":"BW8hdbHLEPHbLxvrJk78jWyNuKx4/GW520TbbhvcF0MK","baseKeyType":2,"closed":-1,"used":1717730753059,"created":1717573292432,"remoteIdentityKey":"BRwaXGlSlzxty0empTjZtrvXoMm+8iUZ6bPrWTD70hI7"},"_chains":{"BRxg87qLK4fcEQ8pBUJpixzv13IBtkUpTsq9Xi6sw7A3":{"chainKey":{"counter":8},"chainType":2,"messageKeys":{}},"BfonwTqRm/uPphS2PqTW4c0letKV80XLgHbDD2ZWWG1I":{"chainKey":{"counter":0},"chainType":2,"messageKeys":{}},"BYwILfrOSCUF9t1PAlgYabaaxHeKqqp+fdVE7mpKkRNG":{"chainKey":{"counter":0},"chainType":2,"messageKeys":{}},"BXeTbHLf2bbcGbOVzHZLn+IQbdAL9GXuEX/3DIwRMTkz":{"chainKey":{"counter":5},"chainType":2,"messageKeys":{}},"BUS3rZYz1t8Aur5Wh1paBdjbbRt7/X+f1HT1uVF7x8s/":{"chainKey":{"counter":1},"chainType":2,"messageKeys":{}},"BZKblaz1wQ/CCzrYZrPoAcvURdbeUnazIQRkUHXdUJtB":{"chainKey":{"counter":0},"chainType":2,"messageKeys":{}},"BadV3bGBUYwheYujM0Kupv5xxfDDAQOgXp6XM2uYEmwV":{"chainKey":{"counter":0},"chainType":2,"messageKeys":{}},"BYOcXOw/UDFfRSjT14lxkLr1hE6XhmGBXgfQZxCxJGsY":{"chainKey":{"counter":6},"chainType":2,"messageKeys":{}},"BfjYrAB7W6j/nE+mJxlW2M85P3uyP2R5tlVfbyuB5Z1w":{"chainKey":{"counter":1},"chainType":2,"messageKeys":{}},"BeSvNSV5aTWJEXxfIT5OmhmRNMFWPru3G5R2Uevv+WMT":{"chainKey":{"counter":0},"chainType":2,"messageKeys":{}},"Bcf1Xdq2odJcSKEY/mTV4XAAxt9JIK4BODvRf3/wFS95":{"chainKey":{"counter":0},"chainType":2,"messageKeys":{}},"BVAkGg8luHE9pDfNAfiyG3oBfRkhsLyJ29ElasN+zacn":{"chainKey":{"counter":2},"chainType":2,"messageKeys":{}},"Bb7fi8vM+5wAEjEobnMHYLV99hsdoSUoyAizgJuVWeZm":{"chainKey":{"counter":1,"key":"qfmFMUgWTPGI3jUK2oI5G03PPKWSY6IDRw+igbfxESs="},"chainType":2,"messageKeys":{}},"BRL3JqZwJkcXaITxKcXGsZGFKOlBf0HGZci4KXeedREi":{"chainKey":{"counter":1081,"key":"ZrugCviY7T4CQeOSgJj3M3m9j0/nmnsaiMlUA3E0A14="},"chainType":1,"messageKeys":{}}}}},"version":"v1"}