{"_sessions":{"BXH9ldbXXTIqDtkdilKnl609n6IRLubfJYbTu3mGZ9EX":{"registrationId":715120684,"currentRatchet":{"ephemeralKeyPair":{"pubKey":"BWexOYeBCoVTcAH3Kn6+Ef3xUBt6olyK+ub85EIVMtUt","privKey":"kCzXX+r6WbQMIPgdwRYXAd2bGOck92hJhIUq2WrnTmQ="},"lastRemoteEphemeralKey":"BTtieK9FyZXtS4iiX9hJ7Lb3x9Nxhq3vTa1rCgO+pVAc","previousCounter":0,"rootKey":"o0jUOWaD7BoPckZtnahm74Io9wDc4mVSvbUV5uMnlX8="},"indexInfo":{"baseKey":"BXH9ldbXXTIqDtkdilKnl609n6IRLubfJYbTu3mGZ9EX","baseKeyType":1,"closed":-1,"used":1717967332647,"created":1717967332647,"remoteIdentityKey":"BcP/ekH1It4zsk8OweefH1LtImsEX1hnkNW5oj1qD1EV"},"_chains":{"BWexOYeBCoVTcAH3Kn6+Ef3xUBt6olyK+ub85EIVMtUt":{"chainKey":{"counter":0,"key":"HRioevEJLewm9Q6RPwfkwurO7jU6IdG4TjP72BAumz0="},"chainType":1,"messageKeys":{}}},"pendingPreKey":{"signedKeyId":2,"baseKey":"BXH9ldbXXTIqDtkdilKnl609n6IRLubfJYbTu3mGZ9EX","preKeyId":14962763}}},"version":"v1"}