{"_sessions":{"BRUqG+nF6zeN9GtOMs48sva/RvwfdEoNEr3T3XFNEzIA":{"registrationId":556285135,"currentRatchet":{"ephemeralKeyPair":{"pubKey":"BQy3YAyLAINeKOCV9wBA1ZDM8uskvfcw/U+CjnocTe0/","privKey":"yApd/uTl7IHAAZmWQS2rf/SrI7pfkeF1yhohfNtDAXM="},"lastRemoteEphemeralKey":"BccJBBrih7UnBavoyxYCTqa3HlIj6Spyl0cuWekQTuQZ","previousCounter":0,"rootKey":"JEO+y0oam+2KNSNz/DVO9jr3WuQXZwnjMA8hSGSs3pg="},"indexInfo":{"baseKey":"BRUqG+nF6zeN9GtOMs48sva/RvwfdEoNEr3T3XFNEzIA","baseKeyType":1,"closed":-1,"used":1717967332702,"created":1717967332702,"remoteIdentityKey":"BVcfb+YyuuP+7Y36MOkql8nuC+TnebHO4of7nGxs7245"},"_chains":{"BQy3YAyLAINeKOCV9wBA1ZDM8uskvfcw/U+CjnocTe0/":{"chainKey":{"counter":0,"key":"SCEwXz6l6CcPQ0xnbH49jf6eO/3R5kTO5G6bGNZxv9E="},"chainType":1,"messageKeys":{}}},"pendingPreKey":{"signedKeyId":11,"baseKey":"BRUqG+nF6zeN9GtOMs48sva/RvwfdEoNEr3T3XFNEzIA","preKeyId":9596715}}},"version":"v1"}