{"_sessions":{"BWJ9/fKM939wFt/GIGO4KAHKEIfKUbIwnSntmtw+Lrpp":{"registrationId":15743,"currentRatchet":{"ephemeralKeyPair":{"pubKey":"BRniJHbOH6cFvYtDnSIrlLLYvOcz/CQbajquyGUbqWJ3","privKey":"aHiho22nDE1ykWWobujBoKFyCG+EDjTyN3g7OPM6tGk="},"lastRemoteEphemeralKey":"BTJbBO1PlAF+t6Gj1XCa3D74J3J4yS+MHupmQoCLhnIv","previousCounter":0,"rootKey":"RAQoH6eSbQUwTfwVltfJWAe7WDjsyLxpjSYRoMGReqY="},"indexInfo":{"baseKey":"BWJ9/fKM939wFt/GIGO4KAHKEIfKUbIwnSntmtw+Lrpp","baseKeyType":1,"closed":-1,"used":1717967332587,"created":1717967332587,"remoteIdentityKey":"BY1M1E51uqIjgPTiw2zA+DuBfh9JpAICwpWbyWeb/HgP"},"_chains":{"BRniJHbOH6cFvYtDnSIrlLLYvOcz/CQbajquyGUbqWJ3":{"chainKey":{"counter":0,"key":"/X9C3aZ/zN6HfoZIoYIth3ioXRBqlnxBslsH+ImjSLs="},"chainType":1,"messageKeys":{}}},"pendingPreKey":{"signedKeyId":1,"baseKey":"BWJ9/fKM939wFt/GIGO4KAHKEIfKUbIwnSntmtw+Lrpp"}}},"version":"v1"}